
INSERT INTO semestre (codigo, f_inicio, f_final) VALUES
('2022-1', '2024-12-31', '2024-12-31'),
('2022-2', '2024-12-31', '2024-12-31'),
('2023-1', '2024-12-31', '2024-12-31'),
('2023-2', '2024-12-31', '2024-12-31'),
('2024-1', '2024-12-31', '2024-12-31'),
('2024-2', '2024-12-31', '2024-12-31');

INSERT INTO color (id, nombre, color_fondo, color_texto) VALUES
(1, 'rojo', 'darkred', 'white'),
(2, 'azul', 'darkblue', 'white'),
(3, 'verde', 'green', 'white'),
(4, 'amarillo', 'yellow', 'black'),
(5, 'naranja', 'orange', 'white'),
(6, 'morado', 'purple', 'white'),
(7, '7mo', 'aquamarine', 'black'),
(8, 'pa taller', 'darkgrey', 'white');


INSERT INTO curso (id, abreviacion, nombre, creditos, ciclo, colorid) VALUES
(1, 'DAW', 'Desarrollo de Aplicaciones Web', 4, 6, 3),
(2, 'DAE', 'Desarrollo de Aplicaciones de Escritorio', 4, 6, 2),
(3, 'IA', 'Inteligencia Artificial', 4, 6, 5),
(4, 'FC', 'Fe y Cultura', 3, 6, 6),
(5, 'INVOPE', 'Investigación en Operaciones', 3, 6, 4),
(6, 'SO', 'Sistemas Operativos', 3, 6, 1),
(7, 'DW', 'Diseño Web', 3, 5, 3),
(8, 'BD', 'Base de Datos', 4, 4, 4),
(9, 'ANTRO', 'Antropologia Filosofica', 3, 4, 6),
(10, 'ED', 'Ecuaciones Diferenciales y Métodos Númericos', 4, 4, 5),
(11, 'CRB', 'Comprensión De Textos Y Redacción Básica', 3, 1, 6),
(12, 'DCD', 'Desarrollo De Competencias Digitales', 2, 1, 3),
(13, 'EST', 'Estrategias Para El Aprendizaje Autónomo', 3, 1, 7),
(14, 'IISC', 'Introducción A La Ingeniería De Sistemas Y Computación', 3, 1, 4),
(15, 'MB', 'Matemática Básica', 3, 1, 5),
(16, 'MD', 'Matemática Discreta', 4, 1, 2),
(17, 'CUV', 'Cálculo De Una Variable', 4, 2, 5),
(18, 'CRTA', 'Comprensión Y Redacción De Textos Académicos', 3, 2, 6),
(19, 'ECOL', 'Ecología Y Desarrollo Sostenible', 3, 2, 7),
(20, 'ECON', 'Economía Y Realidad Nacional', 3, 2, 4),
(21, 'FPR', 'Fundamentos De Programación', 3, 2, 2),
(22, 'TPO', 'Teoría Y Procesos Organizacionales', 3, 2, 3),
(23, 'AER', 'Análisis Y Especificación De Requisitos', 3, 3, 3),
(24, 'CVV', 'Cálculo De Varias Variables', 4, 3, 5),
(25, 'CONTA', 'Contabilidad Y Finanzas', 3, 3, 4),
(26, 'FILO', 'Filosofía', 3, 3, 6),
(27, 'FIS', 'Física De Los Cuerpos Rígidos', 4, 3, 1),
(28, 'MPR', 'Metodologías De Programación', 3, 3, 2),
(29, 'DS', 'Diseño De Software', 3, 4, 3),
(30, 'EM', 'Electricidad Y Magnetismo', 4, 4, 1),
(31, 'EDA', 'Estructura De Datos Y Algoritmos', 3, 4, 2),
(32, 'ABD', 'Administración De Base De Datos', 3, 5, 2),
(33, 'AOC', 'Arquitectura Y Organización De Computadoras', 4, 5, 1),
(34, 'EP', 'Estadística Y Probabilidades', 3, 5, 5),
(35, 'ETI', 'Ética', 3, 5, 6),
(36, 'IP', 'Ingeniería De Procesos', 3, 5, 4),
(37, 'TGS', 'Teoría General De Sistemas', 2, 5, 7),
(38, 'BSKT', 'Taller de Basket', 1, 0, 8);



INSERT INTO curso_curso (cursoid, cursoid_pre) VALUES
(1, 7),
(1, 32),
(2, 32),
(3, 34),
(4, 35),
(5, 34),
(6, 33),
(7, 29),
(8, 23),
(8, 25),
(9, 26),
(10, 24),
(17, 15),
(18, 11),
(19, 13),
(20, 14),
(21, 15),
(21, 16),
(22, 12),
(23, 22),
(24, 17),
(25, 20),
(26, 18),
(27, 17),
(28, 21),
(29, 23),
(30, 27),
(31, 28),
(32, 8),
(32, 31),
(33, 30),
(34, 10),
(35, 9),
(36, 29),
(37, 9);



INSERT INTO docente (id, nombres, apellidos) VALUES
(1, 'Junior Eugenio', 'Cachay Maco'),
(2, 'Roger Ernesto', 'Alarcon Garcia'),
(3, 'Karla Cecilia', 'Reyes Burgos'),
(4, 'Alicia Lizet', 'Niño Effio'),
(5, 'Absalon', 'Rivasplata Sanchez'),
(6, 'Edwar Glorimer', 'Lujan Segura'),
(7, 'Julio Cesar', 'Moreno Descalzi'),
(8, 'Luis Augusto', 'Zuñe Bispo'),
(9, 'Alexander Omar', 'Cruzado Quiroz'),
(10, 'Gregorio Manuel', 'Leon Tenorio'),
(11, 'Marco Antonio', 'Alberca Balarezo'),
(12, 'Consuelo Invonne', 'Del Castillo Castro'),
(13, 'Yesabella Katherine', 'Brenis Delgado'),
(14, 'Jose Fortunato', 'Zuloaga Cachay'),
(15, 'Jessie Leila', 'Bravo Jaico'),
(16, 'Maria Lourdes', 'Redondo Redondo'),
(17, 'Rony Rafael', 'Garcia Apestegui'),
(18, 'Mariana', 'Chavarry Chankay'),
(19, 'Doris Liliana', 'Moscol Mogollon'),
(20, 'Javier Alejandro', 'Huaman Angulo'),
(21, 'William Alfredo', 'Noblecilla Vinces'),
(22, 'Nancy Emilia', 'Estela Salazar'),
(23, 'Miguel Angel', 'Diaz Espino'),
(24, 'Segundo José', 'Castillo Zumarán'),
(25, 'Ernesto Ludwin', 'Nicho Cordova'),
(26, 'Claudia Emperatriz', 'Rodriguez Ortiz'),
(27, 'David Ysrael', 'Gonzales Lopez'),
(28, 'Fernando Pavel', 'Diaz Chero'),
(29, 'Martha Elizabeth', 'Chavez Alarcon'),
(30, 'Luis Orlando', 'Morante Adrianzen'),
(31, 'Luis', 'Saavedra Carrasco'),
(32, 'Karhy Estela', 'Cipriano Urtecho de Yong'),
(33, 'Jose Fernando', 'Quiroz Vidarte'),
(34, 'Jenny Patricia', 'Palacios Kuoc');


INSERT INTO grupo (id, denominacion, semestrecodigo, cursoid, docenteid) VALUES
(1, 'B', '2024-2', 2, 2),
(2, 'A', '2024-2', 1, 1),
(3, 'B', '2024-2', 6, 3),
(4, 'I', '2024-2', 4, 4),
(5, 'B', '2024-2', 5, 5),
(6, 'A', '2024-2', 3, 6),
(7, 'B', '2023-2', 29, 12),
(8, 'B', '2023-2', 8, 10),
(9, 'B', '2023-2', 10, 13),
(10, 'B', '2023-2', 30, 14),
(11, 'A', '2022-1', 11, 19),
(12, 'A', '2022-1', 12, 8),
(13, 'A', '2022-1', 15, 7),
(14, 'N', '2023-1', 26, 11),
(15, 'B', '2023-2', 31, 15),
(16, 'C', '2022-2', 17, 9),
(17, 'B', '2023-1', 24, 17),
(18, 'S', '2023-2', 9, 16),
(19, 'B', '2023-1', 23, 1),
(20, 'B', '2023-1', 28, 2),
(21, 'C', '2022-2', 21, 18),
(22, 'B', '2024-1', 33, 8),
(23, 'A', '2022-1', 13, 20),
(24, 'A', '2022-1', 14, 21),
(25, 'B', '2024-1', 37, 21),
(26, 'B', '2024-1', 36, 23),
(27, 'C', '2024-1', 35, 22),
(28, 'B', '2024-1', 34, 26),
(29, 'B', '2024-1', 32, 24),
(30, 'B', '2024-1', 7, 25),
(31, 'A', '2022-1', 16, 27),
(32, 'C', '2022-2', 18, 28),
(33, 'A', '2022-2', 19, 29),
(34, 'A', '2022-2', 20, 30),
(35, 'B', '2022-2', 22, 31),
(36, 'B', '2023-1', 25, 32),
(37, 'B', '2023-1', 27, 33),
(38, 'C', '2024-2', 38, 34);


INSERT INTO horario (id, dia, h_inicio, h_final, grupoid) VALUES
(1, 2, 20, 22, 1),
(2, 4, 15, 19, 1),
(3, 3, 18, 21, 2),
(4, 5, 18, 21, 2),
(5, 2, 16, 19, 4),
(6, 2, 9, 14, 6),
(7, 4, 13, 15, 3),
(8, 5, 15, 18, 3),
(9, 5, 13, 15, 5),
(10, 3, 15, 18, 5),
(11, 1, 8, 10, 7),
(12, 3, 8, 11, 7),
(13, 1, 10, 13, 8),
(14, 5, 15, 17, 8),
(15, 2, 13, 16, 9),
(16, 5, 17, 20, 9),
(17, 2, 16, 18, 10),
(18, 6, 10, 13, 10),
(19, 5, 10, 13, 18),
(20, 4, 16, 19, 15),
(21, 3, 11, 13, 15),
(22, 4, 9, 11, 38),
(23, 1, 8, 11, 36),
(24, 2, 8, 10, 36),
(25, 4, 16, 19, 14),
(26, 2, 10, 13, 20),
(27, 3, 7, 9, 20),
(28, 3, 10, 13, 37),
(29, 4, 9, 11, 37),
(30, 4, 7, 9, 19),
(31, 5, 7, 10, 19),
(32, 2, 14, 17, 17),
(33, 5, 10, 13, 17),
(34, 1, 7, 10, 22),
(35, 3, 11, 13, 22),
(36, 1, 10, 13, 27),
(37, 5, 7, 10, 30),
(38, 4, 10, 12, 30),
(39, 5, 10, 12, 29),
(40, 6, 10, 13, 29),
(41, 4, 7, 10, 25),
(42, 2, 7, 10, 28),
(43, 3, 9, 11, 28),
(44, 2, 10, 12, 26),
(45, 3, 7, 9, 26),
(46, 1, 7, 9, 33),
(47, 2, 11, 13, 33),
(48, 2, 7, 9, 34),
(49, 4, 7, 9, 34),
(50, 1, 10, 12, 21),
(51, 2, 16, 19, 21),
(52, 1, 16, 19, 35),
(53, 5, 17, 19, 35),
(54, 3, 14, 17, 16),
(55, 4, 13, 16, 16),
(56, 3, 17, 19, 32),
(57, 4, 16, 19, 32),
(58, 1, 7, 10, 11),
(59, 3, 7, 9, 11),
(60, 1, 10, 13, 12),
(61, 2, 15, 18, 23),
(62, 4, 15, 17, 23),
(63, 2, 10, 13, 24),
(64, 4, 9, 11, 24),
(65, 3, 11, 13, 13),
(66, 5, 7, 10, 13),
(67, 4, 11, 13, 31),
(68, 5, 10, 13, 31);

