-- phpMyAdmin SQL Dump
-- version 5.2.1
-- https://www.phpmyadmin.net/
--
-- Servidor: 127.0.0.1
-- Tiempo de generación: 02-05-2025 a las 07:06:21
-- Versión del servidor: 10.4.28-MariaDB
-- Versión de PHP: 8.1.17

SET SQL_MODE = "NO_AUTO_VALUE_ON_ZERO";
START TRANSACTION;
SET time_zone = "+00:00";

--
-- Base de datos: `bd_encomiendas`
--

-- --------------------------------------------------------

--
-- Estructura de tabla para la tabla `color`
--

CREATE TABLE `color` (
  `id` int(11) NOT NULL,
  `nombre` varchar(200) NOT NULL,
  `valor` varchar(15) NOT NULL
) ENGINE=InnoDB DEFAULT CHARSET=utf8mb4 COLLATE=utf8mb4_general_ci;

--
-- Volcado de datos para la tabla `color`
--

INSERT INTO `color` (`id`, `nombre`, `valor`) VALUES
(1, 'color1', '#370268'),
(2, 'color2', '#00c552');

-- --------------------------------------------------------

--
-- Estructura de tabla para la tabla `marca`
--

CREATE TABLE `marca` (
  `id` int(11) NOT NULL,
  `nombre` varchar(20) NOT NULL
) ENGINE=InnoDB DEFAULT CHARSET=utf8mb4 COLLATE=utf8mb4_general_ci;

--
-- Volcado de datos para la tabla `marca`
--

INSERT INTO `marca` (`id`, `nombre`) VALUES
(1, 'Volvo'),
(2, 'Iveco'),
(3, 'Scania'),
(4, 'Mercedes-Benz'),
(5, 'DAF'),
(6, 'Renault Trucks'),
(7, 'Hino'),
(8, 'Mitsubishi'),
(9, 'Isuzu'),
(10, 'Hyundai'),
(11, 'International'),
(12, 'Kenworth');

-- --------------------------------------------------------

--
-- Estructura de tabla para la tabla `modelo`
--

CREATE TABLE `modelo` (
  `id` int(11) NOT NULL,
  `nombre` varchar(100) NOT NULL,
  `marcaid` int(11) NOT NULL,
  `tipo_unidadid` int(10) NOT NULL
) ENGINE=InnoDB DEFAULT CHARSET=utf8mb4 COLLATE=utf8mb4_general_ci;

--
-- Volcado de datos para la tabla `modelo`
--

INSERT INTO `modelo` (`id`, `nombre`, `marcaid`, `tipo_unidadid`) VALUES
(1, 'FH16', 1, 1),
(2, 'Daily', 2, 2),
(3, 'R-Series', 3, 1),
(4, 'Actros', 4, 1),
(5, 'XF', 5, 1),
(6, 'Premium Lander', 6, 1),
(7, '500 Series', 7, 4),
(8, 'Fighter', 8, 1),
(9, 'N-Series', 9, 2),
(10, 'HD65', 10, 5),
(11, 'ProStar', 11, 1),
(12, 'T680', 12, 3),
(13, 'modelo nuevecito caosa', 9, 4),
(14, 'isuzu kuchau', 9, 7);

-- --------------------------------------------------------

--
-- Estructura de tabla para la tabla `tipo_unidad`
--

CREATE TABLE `tipo_unidad` (
  `id` int(10) NOT NULL,
  `nombre` varchar(20) NOT NULL,
  `descripcion` text NOT NULL,
  `activo` tinyint(1) NOT NULL
) ENGINE=InnoDB DEFAULT CHARSET=utf8mb4 COLLATE=utf8mb4_general_ci;

--
-- Volcado de datos para la tabla `tipo_unidad`
--

INSERT INTO `tipo_unidad` (`id`, `nombre`, `descripcion`, `activo`) VALUES
(1, 'Camión', 'Vehículo de carga pesada', 1),
(2, 'Furgoneta', 'Vehículo de carga medianaa', 0),
(3, 'Tráiler', 'Vehículo articulado para gran volumen de carga', 1),
(4, 'Bus', 'Vehículo de transporte de pasajeros', 1),
(5, 'Camioneta', 'Vehículo mixto de carga y pasajeros', 1),
(7, 'moto moto', 'aaaed3 423', 1),
(8, 'sdsd', '3wwwwww', 1);

-- --------------------------------------------------------

--
-- Estructura de tabla para la tabla `ubigeo`
--

CREATE TABLE `ubigeo` (
  `codigo` char(6) NOT NULL,
  `departamento` varchar(150) NOT NULL,
  `distrito` varchar(150) NOT NULL,
  `provincia` varchar(150) NOT NULL,
  `activo` tinyint(1) NOT NULL
) ENGINE=InnoDB DEFAULT CHARSET=utf8mb4 COLLATE=utf8mb4_general_ci;

--
-- Volcado de datos para la tabla `ubigeo`
--

INSERT INTO `ubigeo` (`codigo`, `departamento`, `distrito`, `provincia`, `activo`) VALUES
-- ('', 'LIMA', 'LIMA', 'SANTA MARIA DE HUACHIPA', 1),
('010101', 'AMAZONAS', 'CHACHAPOYAS', 'CHACHAPOYAS', 1),
('010102', 'AMAZONAS', 'CHACHAPOYAS', 'ASUNCION', 1),
('010103', 'AMAZONAS', 'CHACHAPOYAS', 'BALSAS', 1),
('010104', 'AMAZONAS', 'CHACHAPOYAS', 'CHETO', 1),
('010105', 'AMAZONAS', 'CHACHAPOYAS', 'CHILIQUIN', 1),
('010106', 'AMAZONAS', 'CHACHAPOYAS', 'CHUQUIBAMBA', 1),
('010107', 'AMAZONAS', 'CHACHAPOYAS', 'GRANADA', 1),
('010108', 'AMAZONAS', 'CHACHAPOYAS', 'HUANCAS', 1),
('010109', 'AMAZONAS', 'CHACHAPOYAS', 'LA JALCA', 1),
('010110', 'AMAZONAS', 'CHACHAPOYAS', 'LEIMEBAMBA', 1),
('010111', 'AMAZONAS', 'CHACHAPOYAS', 'LEVANTO', 1),
('010112', 'AMAZONAS', 'CHACHAPOYAS', 'MAGDALENA', 1),
('010113', 'AMAZONAS', 'CHACHAPOYAS', 'MARISCAL CASTILLA', 1),
('010114', 'AMAZONAS', 'CHACHAPOYAS', 'MOLINOPAMPA', 1),
('010115', 'AMAZONAS', 'CHACHAPOYAS', 'MONTEVIDEO', 1),
('010116', 'AMAZONAS', 'CHACHAPOYAS', 'OLLEROS', 1),
('010117', 'AMAZONAS', 'CHACHAPOYAS', 'QUINJALCA', 1),
('010118', 'AMAZONAS', 'CHACHAPOYAS', 'SAN FRANCISCO DE DAGUAS', 1),
('010119', 'AMAZONAS', 'CHACHAPOYAS', 'SAN ISIDRO DE MAINO', 1),
('010120', 'AMAZONAS', 'CHACHAPOYAS', 'SOLOCO', 1),
('010121', 'AMAZONAS', 'CHACHAPOYAS', 'SONCHE', 1),
('010201', 'AMAZONAS', 'BAGUA', 'LA PECA', 1),
('010202', 'AMAZONAS', 'BAGUA', 'ARAMANGO', 1),
('010203', 'AMAZONAS', 'BAGUA', 'COPALLIN', 1),
('010204', 'AMAZONAS', 'BAGUA', 'EL PARCO', 1),
('010205', 'AMAZONAS', 'BAGUA', 'BAGUA', 1),
('010206', 'AMAZONAS', 'BAGUA', 'IMAZA', 1),
('010301', 'AMAZONAS', 'BONGARA', 'JUMBILLA', 1),
('010302', 'AMAZONAS', 'BONGARA', 'COROSHA', 1),
('010303', 'AMAZONAS', 'BONGARA', 'CUISPES', 1),
('010304', 'AMAZONAS', 'BONGARA', 'CHISQUILLA', 1),
('010305', 'AMAZONAS', 'BONGARA', 'CHURUJA', 1),
('010306', 'AMAZONAS', 'BONGARA', 'FLORIDA', 1),
('010307', 'AMAZONAS', 'BONGARA', 'RECTA', 1),
('010308', 'AMAZONAS', 'BONGARA', 'SAN CARLOS', 1),
('010309', 'AMAZONAS', 'BONGARA', 'SHIPASBAMBA', 1),
('010310', 'AMAZONAS', 'BONGARA', 'VALERA', 1),
('010311', 'AMAZONAS', 'BONGARA', 'YAMBRASBAMBA', 1),
('010312', 'AMAZONAS', 'BONGARA', 'JAZAN', 1),
('010401', 'AMAZONAS', 'LUYA', 'LAMUD', 1),
('010402', 'AMAZONAS', 'LUYA', 'CAMPORREDONDO', 1),
('010403', 'AMAZONAS', 'LUYA', 'COCABAMBA', 1),
('010404', 'AMAZONAS', 'LUYA', 'COLCAMAR', 1),
('010405', 'AMAZONAS', 'LUYA', 'CONILA', 1),
('010406', 'AMAZONAS', 'LUYA', 'INGUILPATA', 1),
('010407', 'AMAZONAS', 'LUYA', 'LONGUITA', 1),
('010408', 'AMAZONAS', 'LUYA', 'LONYA CHICO', 1),
('010409', 'AMAZONAS', 'LUYA', 'LUYA', 1),
('010410', 'AMAZONAS', 'LUYA', 'LUYA VIEJO', 1),
('010411', 'AMAZONAS', 'LUYA', 'MARIA', 1),
('010412', 'AMAZONAS', 'LUYA', 'OCALLI', 1),
('010413', 'AMAZONAS', 'LUYA', 'OCUMAL', 1),
('010414', 'AMAZONAS', 'LUYA', 'PISUQUIA', 1),
('010415', 'AMAZONAS', 'LUYA', 'SAN CRISTOBAL', 1),
('010416', 'AMAZONAS', 'LUYA', 'SAN FRANCISCO DEL YESO', 1),
('010417', 'AMAZONAS', 'LUYA', 'SAN JERONIMO', 1),
('010418', 'AMAZONAS', 'LUYA', 'SAN JUAN DE LOPECANCHA', 1),
('010419', 'AMAZONAS', 'LUYA', 'SANTA CATALINA', 1),
('010420', 'AMAZONAS', 'LUYA', 'SANTO TOMAS', 1),
('010421', 'AMAZONAS', 'LUYA', 'TINGO', 1),
('010422', 'AMAZONAS', 'LUYA', 'TRITA', 1),
('010423', 'AMAZONAS', 'LUYA', 'PROVIDENCIA', 1),
('010501', 'AMAZONAS', 'RODRIGUEZ DE MENDOZA', 'SAN NICOLAS', 1),
('010502', 'AMAZONAS', 'RODRIGUEZ DE MENDOZA', 'COCHAMAL', 1),
('010503', 'AMAZONAS', 'RODRIGUEZ DE MENDOZA', 'CHIRIMOTO', 1),
('010504', 'AMAZONAS', 'RODRIGUEZ DE MENDOZA', 'HUAMBO', 1),
('010505', 'AMAZONAS', 'RODRIGUEZ DE MENDOZA', 'LIMABAMBA', 1),
('010506', 'AMAZONAS', 'RODRIGUEZ DE MENDOZA', 'LONGAR', 1),
('010507', 'AMAZONAS', 'RODRIGUEZ DE MENDOZA', 'MILPUC', 1),
('010508', 'AMAZONAS', 'RODRIGUEZ DE MENDOZA', 'MARISCAL BENAVIDES', 1),
('010509', 'AMAZONAS', 'RODRIGUEZ DE MENDOZA', 'OMIA', 1),
('010510', 'AMAZONAS', 'RODRIGUEZ DE MENDOZA', 'SANTA ROSA', 1),
('010511', 'AMAZONAS', 'RODRIGUEZ DE MENDOZA', 'TOTORA', 1),
('010512', 'AMAZONAS', 'RODRIGUEZ DE MENDOZA', 'VISTA ALEGRE', 1),
('010601', 'AMAZONAS', 'CONDORCANQUI', 'NIEVA', 1),
('010602', 'AMAZONAS', 'CONDORCANQUI', 'RIO SANTIAGO', 1),
('010603', 'AMAZONAS', 'CONDORCANQUI', 'EL CENEPA', 1),
('010701', 'AMAZONAS', 'UTCUBAMBA', 'BAGUA GRANDE', 1),
('010702', 'AMAZONAS', 'UTCUBAMBA', 'CAJARURO', 1),
('010703', 'AMAZONAS', 'UTCUBAMBA', 'CUMBA', 1),
('010704', 'AMAZONAS', 'UTCUBAMBA', 'EL MILAGRO', 1),
('010705', 'AMAZONAS', 'UTCUBAMBA', 'JAMALCA', 1),
('010706', 'AMAZONAS', 'UTCUBAMBA', 'LONYA GRANDE', 1),
('010707', 'AMAZONAS', 'UTCUBAMBA', 'YAMON', 1),
('020101', 'ANCASH', 'HUARAZ', 'HUARAZ', 1),
('020102', 'ANCASH', 'HUARAZ', 'INDEPENDENCIA', 1),
('020103', 'ANCASH', 'HUARAZ', 'COCHABAMBA', 1),
('020104', 'ANCASH', 'HUARAZ', 'COLCABAMBA', 1),
('020105', 'ANCASH', 'HUARAZ', 'HUANCHAY', 1),
('020106', 'ANCASH', 'HUARAZ', 'JANGAS', 1),
('020107', 'ANCASH', 'HUARAZ', 'LA LIBERTAD', 1),
('020108', 'ANCASH', 'HUARAZ', 'OLLEROS', 1),
('020109', 'ANCASH', 'HUARAZ', 'PAMPAS', 1),
('020110', 'ANCASH', 'HUARAZ', 'PARIACOTO', 1),
('020111', 'ANCASH', 'HUARAZ', 'PIRA', 1),
('020112', 'ANCASH', 'HUARAZ', 'TARICA', 1),
('020201', 'ANCASH', 'AIJA', 'AIJA', 1),
('020203', 'ANCASH', 'AIJA', 'CORIS', 1),
('020205', 'ANCASH', 'AIJA', 'HUACLLAN', 1),
('020206', 'ANCASH', 'AIJA', 'LA MERCED', 1),
('020208', 'ANCASH', 'AIJA', 'SUCCHA', 1),
('020301', 'ANCASH', 'BOLOGNESI', 'CHIQUIAN', 1),
('020302', 'ANCASH', 'BOLOGNESI', 'ABELARDO PARDO LEZAMETA', 1),
('020304', 'ANCASH', 'BOLOGNESI', 'AQUIA', 1),
('020305', 'ANCASH', 'BOLOGNESI', 'CAJACAY', 1),
('020310', 'ANCASH', 'BOLOGNESI', 'HUAYLLACAYAN', 1),
('020311', 'ANCASH', 'BOLOGNESI', 'HUASTA', 1),
('020313', 'ANCASH', 'BOLOGNESI', 'MANGAS', 1),
('020315', 'ANCASH', 'BOLOGNESI', 'PACLLON', 1),
('020317', 'ANCASH', 'BOLOGNESI', 'SAN MIGUEL DE CORPANQUI', 1),
('020320', 'ANCASH', 'BOLOGNESI', 'TICLLOS', 1),
('020321', 'ANCASH', 'BOLOGNESI', 'ANTONIO RAYMONDI', 1),
('020322', 'ANCASH', 'BOLOGNESI', 'CANIS', 1),
('020323', 'ANCASH', 'BOLOGNESI', 'COLQUIOC', 1),
('020324', 'ANCASH', 'BOLOGNESI', 'LA PRIMAVERA', 1),
('020325', 'ANCASH', 'BOLOGNESI', 'HUALLANCA', 1),
('020401', 'ANCASH', 'CARHUAZ', 'CARHUAZ', 1),
('020402', 'ANCASH', 'CARHUAZ', 'ACOPAMPA', 1),
('020403', 'ANCASH', 'CARHUAZ', 'AMASHCA', 1),
('020404', 'ANCASH', 'CARHUAZ', 'ANTA', 1),
('020405', 'ANCASH', 'CARHUAZ', 'ATAQUERO', 1),
('020406', 'ANCASH', 'CARHUAZ', 'MARCARA', 1),
('020407', 'ANCASH', 'CARHUAZ', 'PARIAHUANCA', 1),
('020408', 'ANCASH', 'CARHUAZ', 'SAN MIGUEL DE ACO', 1),
('020409', 'ANCASH', 'CARHUAZ', 'SHILLA', 1),
('020410', 'ANCASH', 'CARHUAZ', 'TINCO', 1),
('020411', 'ANCASH', 'CARHUAZ', 'YUNGAR', 1),
('020501', 'ANCASH', 'CASMA', 'CASMA', 1),
('020502', 'ANCASH', 'CASMA', 'BUENA VISTA ALTA', 1),
('020503', 'ANCASH', 'CASMA', 'COMANDANTE NOEL', 1),
('020505', 'ANCASH', 'CASMA', 'YAUTAN', 1),
('020601', 'ANCASH', 'CORONGO', 'CORONGO', 1),
('020602', 'ANCASH', 'CORONGO', 'ACO', 1),
('020603', 'ANCASH', 'CORONGO', 'BAMBAS', 1),
('020604', 'ANCASH', 'CORONGO', 'CUSCA', 1),
('020605', 'ANCASH', 'CORONGO', 'LA PAMPA', 1),
('020606', 'ANCASH', 'CORONGO', 'YANAC', 1),
('020607', 'ANCASH', 'CORONGO', 'YUPAN', 1),
('020701', 'ANCASH', 'HUAYLAS', 'CARAZ', 1),
('020702', 'ANCASH', 'HUAYLAS', 'HUALLANCA', 1),
('020703', 'ANCASH', 'HUAYLAS', 'HUATA', 1),
('020704', 'ANCASH', 'HUAYLAS', 'HUAYLAS', 1),
('020705', 'ANCASH', 'HUAYLAS', 'MATO', 1),
('020706', 'ANCASH', 'HUAYLAS', 'PAMPAROMAS', 1),
('020707', 'ANCASH', 'HUAYLAS', 'PUEBLO LIBRE', 1),
('020708', 'ANCASH', 'HUAYLAS', 'SANTA CRUZ', 1),
('020709', 'ANCASH', 'HUAYLAS', 'YURACMARCA', 1),
('020710', 'ANCASH', 'HUAYLAS', 'SANTO TORIBIO', 1),
('020801', 'ANCASH', 'HUARI', 'HUARI', 1),
('020802', 'ANCASH', 'HUARI', 'CAJAY', 1),
('020803', 'ANCASH', 'HUARI', 'CHAVIN DE HUANTAR', 1),
('020804', 'ANCASH', 'HUARI', 'HUACACHI', 1),
('020805', 'ANCASH', 'HUARI', 'HUACHIS', 1),
('020806', 'ANCASH', 'HUARI', 'HUACCHIS', 1),
('020807', 'ANCASH', 'HUARI', 'HUANTAR', 1),
('020808', 'ANCASH', 'HUARI', 'MASIN', 1),
('020809', 'ANCASH', 'HUARI', 'PAUCAS', 1),
('020810', 'ANCASH', 'HUARI', 'PONTO', 1),
('020811', 'ANCASH', 'HUARI', 'RAHUAPAMPA', 1),
('020812', 'ANCASH', 'HUARI', 'RAPAYAN', 1),
('020813', 'ANCASH', 'HUARI', 'SAN MARCOS', 1),
('020814', 'ANCASH', 'HUARI', 'SAN PEDRO DE CHANA', 1),
('020815', 'ANCASH', 'HUARI', 'UCO', 1),
('020816', 'ANCASH', 'HUARI', 'ANRA', 1),
('020901', 'ANCASH', 'MARISCAL LUZURIAGA', 'PISCOBAMBA', 1),
('020902', 'ANCASH', 'MARISCAL LUZURIAGA', 'CASCA', 1),
('020903', 'ANCASH', 'MARISCAL LUZURIAGA', 'LUCMA', 1),
('020904', 'ANCASH', 'MARISCAL LUZURIAGA', 'FIDEL OLIVAS ESCUDERO', 1),
('020905', 'ANCASH', 'MARISCAL LUZURIAGA', 'LLAMA', 1),
('020906', 'ANCASH', 'MARISCAL LUZURIAGA', 'LLUMPA', 1),
('020907', 'ANCASH', 'MARISCAL LUZURIAGA', 'MUSGA', 1),
('020908', 'ANCASH', 'MARISCAL LUZURIAGA', 'ELEAZAR GUZMAN BARRON', 1),
('021001', 'ANCASH', 'PALLASCA', 'CABANA', 1),
('021002', 'ANCASH', 'PALLASCA', 'BOLOGNESI', 1),
('021003', 'ANCASH', 'PALLASCA', 'CONCHUCOS', 1),
('021004', 'ANCASH', 'PALLASCA', 'HUACASCHUQUE', 1),
('021005', 'ANCASH', 'PALLASCA', 'HUANDOVAL', 1),
('021006', 'ANCASH', 'PALLASCA', 'LACABAMBA', 1),
('021007', 'ANCASH', 'PALLASCA', 'LLAPO', 1),
('021008', 'ANCASH', 'PALLASCA', 'PALLASCA', 1),
('021009', 'ANCASH', 'PALLASCA', 'PAMPAS', 1),
('021010', 'ANCASH', 'PALLASCA', 'SANTA ROSA', 1),
('021011', 'ANCASH', 'PALLASCA', 'TAUCA', 1),
('021101', 'ANCASH', 'POMABAMBA', 'POMABAMBA', 1),
('021102', 'ANCASH', 'POMABAMBA', 'HUAYLLAN', 1),
('021103', 'ANCASH', 'POMABAMBA', 'PAROBAMBA', 1),
('021104', 'ANCASH', 'POMABAMBA', 'QUINUABAMBA', 1),
('021201', 'ANCASH', 'RECUAY', 'RECUAY', 1),
('021202', 'ANCASH', 'RECUAY', 'COTAPARACO', 1),
('021203', 'ANCASH', 'RECUAY', 'HUAYLLAPAMPA', 1),
('021204', 'ANCASH', 'RECUAY', 'MARCA', 1),
('021205', 'ANCASH', 'RECUAY', 'PAMPAS CHICO', 1),
('021206', 'ANCASH', 'RECUAY', 'PARARIN', 1),
('021207', 'ANCASH', 'RECUAY', 'TAPACOCHA', 1),
('021208', 'ANCASH', 'RECUAY', 'TICAPAMPA', 1),
('021209', 'ANCASH', 'RECUAY', 'LLACLLIN', 1),
('021210', 'ANCASH', 'RECUAY', 'CATAC', 1),
('021301', 'ANCASH', 'SANTA', 'CHIMBOTE', 1),
('021302', 'ANCASH', 'SANTA', 'CACERES DEL PERU', 1),
('021303', 'ANCASH', 'SANTA', 'MACATE', 1),
('021304', 'ANCASH', 'SANTA', 'MORO', 1),
('021305', 'ANCASH', 'SANTA', 'NEPEÑA', 1),
('021306', 'ANCASH', 'SANTA', 'SAMANCO', 1),
('021307', 'ANCASH', 'SANTA', 'SANTA', 1),
('021308', 'ANCASH', 'SANTA', 'COISHCO', 1),
('021309', 'ANCASH', 'SANTA', 'NUEVO CHIMBOTE', 1),
('021401', 'ANCASH', 'SIHUAS', 'SIHUAS', 1),
('021402', 'ANCASH', 'SIHUAS', 'ALFONSO UGARTE', 1),
('021403', 'ANCASH', 'SIHUAS', 'CHINGALPO', 1),
('021404', 'ANCASH', 'SIHUAS', 'HUAYLLABAMBA', 1),
('021405', 'ANCASH', 'SIHUAS', 'QUICHES', 1),
('021406', 'ANCASH', 'SIHUAS', 'SICSIBAMBA', 1),
('021407', 'ANCASH', 'SIHUAS', 'ACOBAMBA', 1),
('021408', 'ANCASH', 'SIHUAS', 'CASHAPAMPA', 1),
('021409', 'ANCASH', 'SIHUAS', 'RAGASH', 1),
('021410', 'ANCASH', 'SIHUAS', 'SAN JUAN', 1),
('021501', 'ANCASH', 'YUNGAY', 'YUNGAY', 1),
('021502', 'ANCASH', 'YUNGAY', 'CASCAPARA', 1),
('021503', 'ANCASH', 'YUNGAY', 'MANCOS', 1),
('021504', 'ANCASH', 'YUNGAY', 'MATACOTO', 1),
('021505', 'ANCASH', 'YUNGAY', 'QUILLO', 1),
('021506', 'ANCASH', 'YUNGAY', 'RANRAHIRCA', 1),
('021507', 'ANCASH', 'YUNGAY', 'SHUPLUY', 1),
('021508', 'ANCASH', 'YUNGAY', 'YANAMA', 1),
('021601', 'ANCASH', 'ANTONIO RAYMONDI', 'LLAMELLIN', 1),
('021602', 'ANCASH', 'ANTONIO RAYMONDI', 'ACZO', 1),
('021603', 'ANCASH', 'ANTONIO RAYMONDI', 'CHACCHO', 1),
('021604', 'ANCASH', 'ANTONIO RAYMONDI', 'CHINGAS', 1),
('021605', 'ANCASH', 'ANTONIO RAYMONDI', 'MIRGAS', 1),
('021606', 'ANCASH', 'ANTONIO RAYMONDI', 'SAN JUAN DE RONTOY', 1),
('021701', 'ANCASH', 'CARLOS FERMIN FITZCARRALD', 'SAN LUIS', 1),
('021702', 'ANCASH', 'CARLOS FERMIN FITZCARRALD', 'YAUYA', 1),
('021703', 'ANCASH', 'CARLOS FERMIN FITZCARRALD', 'SAN NICOLAS', 1),
('021801', 'ANCASH', 'ASUNCION', 'CHACAS', 1),
('021802', 'ANCASH', 'ASUNCION', 'ACOCHACA', 1),
('021901', 'ANCASH', 'HUARMEY', 'HUARMEY', 1),
('021902', 'ANCASH', 'HUARMEY', 'COCHAPETI', 1),
('021903', 'ANCASH', 'HUARMEY', 'HUAYAN', 1),
('021904', 'ANCASH', 'HUARMEY', 'MALVAS', 1),
('021905', 'ANCASH', 'HUARMEY', 'CULEBRAS', 1),
('022001', 'ANCASH', 'OCROS', 'ACAS', 1),
('022002', 'ANCASH', 'OCROS', 'CAJAMARQUILLA', 1),
('022003', 'ANCASH', 'OCROS', 'CARHUAPAMPA', 1),
('022004', 'ANCASH', 'OCROS', 'COCHAS', 1),
('022005', 'ANCASH', 'OCROS', 'CONGAS', 1),
('022006', 'ANCASH', 'OCROS', 'LLIPA', 1),
('022007', 'ANCASH', 'OCROS', 'OCROS', 1),
('022008', 'ANCASH', 'OCROS', 'SAN CRISTOBAL DE RAJAN', 1),
('022009', 'ANCASH', 'OCROS', 'SAN PEDRO', 1),
('022010', 'ANCASH', 'OCROS', 'SANTIAGO DE CHILCAS', 1),
('030101', 'APURIMAC', 'ABANCAY', 'ABANCAY', 1),
('030102', 'APURIMAC', 'ABANCAY', 'CIRCA', 1),
('030103', 'APURIMAC', 'ABANCAY', 'CURAHUASI', 1),
('030104', 'APURIMAC', 'ABANCAY', 'CHACOCHE', 1),
('030105', 'APURIMAC', 'ABANCAY', 'HUANIPACA', 1),
('030106', 'APURIMAC', 'ABANCAY', 'LAMBRAMA', 1),
('030107', 'APURIMAC', 'ABANCAY', 'PICHIRHUA', 1),
('030108', 'APURIMAC', 'ABANCAY', 'SAN PEDRO DE CACHORA', 1),
('030109', 'APURIMAC', 'ABANCAY', 'TAMBURCO', 1),
('030201', 'APURIMAC', 'AYMARAES', 'CHALHUANCA', 1),
('030202', 'APURIMAC', 'AYMARAES', 'CAPAYA', 1),
('030203', 'APURIMAC', 'AYMARAES', 'CARAYBAMBA', 1),
('030204', 'APURIMAC', 'AYMARAES', 'COLCABAMBA', 1),
('030205', 'APURIMAC', 'AYMARAES', 'COTARUSE', 1),
('030206', 'APURIMAC', 'AYMARAES', 'CHAPIMARCA', 1),
('030207', 'APURIMAC', 'AYMARAES', 'HUAYLLO', 1),
('030208', 'APURIMAC', 'AYMARAES', 'LUCRE', 1),
('030209', 'APURIMAC', 'AYMARAES', 'POCOHUANCA', 1),
('030210', 'APURIMAC', 'AYMARAES', 'SAÑAYCA', 1),
('030211', 'APURIMAC', 'AYMARAES', 'SORAYA', 1),
('030212', 'APURIMAC', 'AYMARAES', 'TAPAIRIHUA', 1),
('030213', 'APURIMAC', 'AYMARAES', 'TINTAY', 1),
('030214', 'APURIMAC', 'AYMARAES', 'TORAYA', 1),
('030215', 'APURIMAC', 'AYMARAES', 'YANACA', 1),
('030216', 'APURIMAC', 'AYMARAES', 'SAN JUAN DE CHACÑA', 1),
('030217', 'APURIMAC', 'AYMARAES', 'JUSTO APU SAHUARAURA', 1),
('030301', 'APURIMAC', 'ANDAHUAYLAS', 'ANDAHUAYLAS', 1),
('030302', 'APURIMAC', 'ANDAHUAYLAS', 'ANDARAPA', 1),
('030303', 'APURIMAC', 'ANDAHUAYLAS', 'CHIARA', 1),
('030304', 'APURIMAC', 'ANDAHUAYLAS', 'HUANCARAMA', 1),
('030305', 'APURIMAC', 'ANDAHUAYLAS', 'HUANCARAY', 1),
('030306', 'APURIMAC', 'ANDAHUAYLAS', 'KISHUARA', 1),
('030307', 'APURIMAC', 'ANDAHUAYLAS', 'PACOBAMBA', 1),
('030308', 'APURIMAC', 'ANDAHUAYLAS', 'PAMPACHIRI', 1),
('030309', 'APURIMAC', 'ANDAHUAYLAS', 'SAN ANTONIO DE CACHI', 1),
('030310', 'APURIMAC', 'ANDAHUAYLAS', 'SAN JERONIMO', 1),
('030311', 'APURIMAC', 'ANDAHUAYLAS', 'TALAVERA', 1),
('030312', 'APURIMAC', 'ANDAHUAYLAS', 'TURPO', 1),
('030313', 'APURIMAC', 'ANDAHUAYLAS', 'PACUCHA', 1),
('030314', 'APURIMAC', 'ANDAHUAYLAS', 'POMACOCHA', 1),
('030315', 'APURIMAC', 'ANDAHUAYLAS', 'SANTA MARIA DE CHICMO', 1),
('030316', 'APURIMAC', 'ANDAHUAYLAS', 'TUMAY HUARACA', 1),
('030317', 'APURIMAC', 'ANDAHUAYLAS', 'HUAYANA', 1),
('030318', 'APURIMAC', 'ANDAHUAYLAS', 'SAN MIGUEL DE CHACCRAMPA', 1),
('030319', 'APURIMAC', 'ANDAHUAYLAS', 'KAQUIABAMBA', 1),
('030320', 'APURIMAC', 'ANDAHUAYLAS', 'JOSE MARIA ARGUEDAS', 1),
('030401', 'APURIMAC', 'ANTABAMBA', 'ANTABAMBA', 1),
('030402', 'APURIMAC', 'ANTABAMBA', 'EL ORO', 1),
('030403', 'APURIMAC', 'ANTABAMBA', 'HUAQUIRCA', 1),
('030404', 'APURIMAC', 'ANTABAMBA', 'JUAN ESPINOZA MEDRANO', 1),
('030405', 'APURIMAC', 'ANTABAMBA', 'OROPESA', 1),
('030406', 'APURIMAC', 'ANTABAMBA', 'PACHACONAS', 1),
('030407', 'APURIMAC', 'ANTABAMBA', 'SABAINO', 1),
('030501', 'APURIMAC', 'COTABAMBAS', 'TAMBOBAMBA', 1),
('030502', 'APURIMAC', 'COTABAMBAS', 'COYLLURQUI', 1),
('030503', 'APURIMAC', 'COTABAMBAS', 'COTABAMBAS', 1),
('030504', 'APURIMAC', 'COTABAMBAS', 'HAQUIRA', 1),
('030505', 'APURIMAC', 'COTABAMBAS', 'MARA', 1),
('030506', 'APURIMAC', 'COTABAMBAS', 'CHALLHUAHUACHO', 1),
('030601', 'APURIMAC', 'GRAU', 'CHUQUIBAMBILLA', 1),
('030602', 'APURIMAC', 'GRAU', 'CURPAHUASI', 1),
('030603', 'APURIMAC', 'GRAU', 'HUAYLLATI', 1),
('030604', 'APURIMAC', 'GRAU', 'MAMARA', 1),
('030605', 'APURIMAC', 'GRAU', 'GAMARRA', 1),
('030606', 'APURIMAC', 'GRAU', 'MICAELA BASTIDAS', 1),
('030607', 'APURIMAC', 'GRAU', 'PROGRESO', 1),
('030608', 'APURIMAC', 'GRAU', 'PATAYPAMPA', 1),
('030609', 'APURIMAC', 'GRAU', 'SAN ANTONIO', 1),
('030610', 'APURIMAC', 'GRAU', 'TURPAY', 1),
('030611', 'APURIMAC', 'GRAU', 'VILCABAMBA', 1),
('030612', 'APURIMAC', 'GRAU', 'VIRUNDO', 1),
('030613', 'APURIMAC', 'GRAU', 'SANTA ROSA', 1),
('030614', 'APURIMAC', 'GRAU', 'CURASCO', 1),
('030701', 'APURIMAC', 'CHINCHEROS', 'CHINCHEROS', 1),
('030702', 'APURIMAC', 'CHINCHEROS', 'ONGOY', 1),
('030703', 'APURIMAC', 'CHINCHEROS', 'OCOBAMBA', 1),
('030704', 'APURIMAC', 'CHINCHEROS', 'COCHARCAS', 1),
('030705', 'APURIMAC', 'CHINCHEROS', 'ANCO-HUALLO', 1),
('030706', 'APURIMAC', 'CHINCHEROS', 'HUACCANA', 1),
('030707', 'APURIMAC', 'CHINCHEROS', 'URANMARCA', 1),
('030708', 'APURIMAC', 'CHINCHEROS', 'RANRACANCHA', 1),
('030709', 'APURIMAC', 'CHINCHEROS', 'ROCCHACC', 1),
('030710', 'APURIMAC', 'CHINCHEROS', 'EL PORVENIR', 1),
('030711', 'APURIMAC', 'CHINCHEROS', 'LOS CHANKAS', 1),
('030712', 'APURIMAC', 'CHINCHEROS', 'AHUAYRO', 1),
('040101', 'AREQUIPA', 'AREQUIPA', 'AREQUIPA', 1),
('040102', 'AREQUIPA', 'AREQUIPA', 'CAYMA', 1),
('040103', 'AREQUIPA', 'AREQUIPA', 'CERRO COLORADO', 1),
('040104', 'AREQUIPA', 'AREQUIPA', 'CHARACATO', 1),
('040105', 'AREQUIPA', 'AREQUIPA', 'CHIGUATA', 1),
('040106', 'AREQUIPA', 'AREQUIPA', 'LA JOYA', 1),
('040107', 'AREQUIPA', 'AREQUIPA', 'MIRAFLORES', 1),
('040108', 'AREQUIPA', 'AREQUIPA', 'MOLLEBAYA', 1),
('040109', 'AREQUIPA', 'AREQUIPA', 'PAUCARPATA', 1),
('040110', 'AREQUIPA', 'AREQUIPA', 'POCSI', 1),
('040111', 'AREQUIPA', 'AREQUIPA', 'POLOBAYA', 1),
('040112', 'AREQUIPA', 'AREQUIPA', 'QUEQUEÑA', 1),
('040113', 'AREQUIPA', 'AREQUIPA', 'SABANDIA', 1),
('040114', 'AREQUIPA', 'AREQUIPA', 'SACHACA', 1),
('040115', 'AREQUIPA', 'AREQUIPA', 'SAN JUAN DE SIGUAS', 1),
('040116', 'AREQUIPA', 'AREQUIPA', 'SAN JUAN DE TARUCANI', 1),
('040117', 'AREQUIPA', 'AREQUIPA', 'SANTA ISABEL DE SIGUAS', 1),
('040118', 'AREQUIPA', 'AREQUIPA', 'SANTA RITA DE SIGUAS', 1),
('040119', 'AREQUIPA', 'AREQUIPA', 'SOCABAYA', 1),
('040120', 'AREQUIPA', 'AREQUIPA', 'TIABAYA', 1),
('040121', 'AREQUIPA', 'AREQUIPA', 'UCHUMAYO', 1),
('040122', 'AREQUIPA', 'AREQUIPA', 'VITOR', 1),
('040123', 'AREQUIPA', 'AREQUIPA', 'YANAHUARA', 1),
('040124', 'AREQUIPA', 'AREQUIPA', 'YARABAMBA', 1),
('040125', 'AREQUIPA', 'AREQUIPA', 'YURA', 1),
('040126', 'AREQUIPA', 'AREQUIPA', 'MARIANO MELGAR', 1),
('040127', 'AREQUIPA', 'AREQUIPA', 'JACOBO HUNTER', 1),
('040128', 'AREQUIPA', 'AREQUIPA', 'ALTO SELVA ALEGRE', 1),
('040129', 'AREQUIPA', 'AREQUIPA', 'JOSE LUIS BUSTAMANTE Y RIVERO', 1),
('040201', 'AREQUIPA', 'CAYLLOMA', 'CHIVAY', 1),
('040202', 'AREQUIPA', 'CAYLLOMA', 'ACHOMA', 1),
('040203', 'AREQUIPA', 'CAYLLOMA', 'CABANACONDE', 1),
('040204', 'AREQUIPA', 'CAYLLOMA', 'CAYLLOMA', 1),
('040205', 'AREQUIPA', 'CAYLLOMA', 'CALLALLI', 1),
('040206', 'AREQUIPA', 'CAYLLOMA', 'COPORAQUE', 1),
('040207', 'AREQUIPA', 'CAYLLOMA', 'HUAMBO', 1),
('040208', 'AREQUIPA', 'CAYLLOMA', 'HUANCA', 1),
('040209', 'AREQUIPA', 'CAYLLOMA', 'ICHUPAMPA', 1),
('040210', 'AREQUIPA', 'CAYLLOMA', 'LARI', 1),
('040211', 'AREQUIPA', 'CAYLLOMA', 'LLUTA', 1),
('040212', 'AREQUIPA', 'CAYLLOMA', 'MACA', 1),
('040213', 'AREQUIPA', 'CAYLLOMA', 'MADRIGAL', 1),
('040214', 'AREQUIPA', 'CAYLLOMA', 'SAN ANTONIO DE CHUCA', 1),
('040215', 'AREQUIPA', 'CAYLLOMA', 'SIBAYO', 1),
('040216', 'AREQUIPA', 'CAYLLOMA', 'TAPAY', 1),
('040217', 'AREQUIPA', 'CAYLLOMA', 'TISCO', 1),
('040218', 'AREQUIPA', 'CAYLLOMA', 'TUTI', 1),
('040219', 'AREQUIPA', 'CAYLLOMA', 'YANQUE', 1),
('040220', 'AREQUIPA', 'CAYLLOMA', 'MAJES', 1),
('040301', 'AREQUIPA', 'CAMANA', 'CAMANA', 1),
('040302', 'AREQUIPA', 'CAMANA', 'JOSE MARIA QUIMPER', 1),
('040303', 'AREQUIPA', 'CAMANA', 'MARIANO NICOLAS VALCARCEL', 1),
('040304', 'AREQUIPA', 'CAMANA', 'MARISCAL CACERES', 1),
('040305', 'AREQUIPA', 'CAMANA', 'NICOLAS DE PIEROLA', 1),
('040306', 'AREQUIPA', 'CAMANA', 'OCOÑA', 1),
('040307', 'AREQUIPA', 'CAMANA', 'QUILCA', 1),
('040308', 'AREQUIPA', 'CAMANA', 'SAMUEL PASTOR', 1),
('040401', 'AREQUIPA', 'CARAVELI', 'CARAVELI', 1),
('040402', 'AREQUIPA', 'CARAVELI', 'ACARI', 1),
('040403', 'AREQUIPA', 'CARAVELI', 'ATICO', 1),
('040404', 'AREQUIPA', 'CARAVELI', 'ATIQUIPA', 1),
('040405', 'AREQUIPA', 'CARAVELI', 'BELLA UNION', 1),
('040406', 'AREQUIPA', 'CARAVELI', 'CAHUACHO', 1),
('040407', 'AREQUIPA', 'CARAVELI', 'CHALA', 1),
('040408', 'AREQUIPA', 'CARAVELI', 'CHAPARRA', 1),
('040409', 'AREQUIPA', 'CARAVELI', 'HUANUHUANU', 1),
('040410', 'AREQUIPA', 'CARAVELI', 'JAQUI', 1),
('040411', 'AREQUIPA', 'CARAVELI', 'LOMAS', 1),
('040412', 'AREQUIPA', 'CARAVELI', 'QUICACHA', 1),
('040413', 'AREQUIPA', 'CARAVELI', 'YAUCA', 1),
('040501', 'AREQUIPA', 'CASTILLA', 'APLAO', 1),
('040502', 'AREQUIPA', 'CASTILLA', 'ANDAGUA', 1),
('040503', 'AREQUIPA', 'CASTILLA', 'AYO', 1),
('040504', 'AREQUIPA', 'CASTILLA', 'CHACHAS', 1),
('040505', 'AREQUIPA', 'CASTILLA', 'CHILCAYMARCA', 1),
('040506', 'AREQUIPA', 'CASTILLA', 'CHOCO', 1),
('040507', 'AREQUIPA', 'CASTILLA', 'HUANCARQUI', 1),
('040508', 'AREQUIPA', 'CASTILLA', 'MACHAGUAY', 1),
('040509', 'AREQUIPA', 'CASTILLA', 'ORCOPAMPA', 1),
('040510', 'AREQUIPA', 'CASTILLA', 'PAMPACOLCA', 1),
('040511', 'AREQUIPA', 'CASTILLA', 'TIPAN', 1),
('040512', 'AREQUIPA', 'CASTILLA', 'URACA', 1),
('040513', 'AREQUIPA', 'CASTILLA', 'UÑON', 1),
('040514', 'AREQUIPA', 'CASTILLA', 'VIRACO', 1),
('040601', 'AREQUIPA', 'CONDESUYOS', 'CHUQUIBAMBA', 1),
('040602', 'AREQUIPA', 'CONDESUYOS', 'ANDARAY', 1),
('040603', 'AREQUIPA', 'CONDESUYOS', 'CAYARANI', 1),
('040604', 'AREQUIPA', 'CONDESUYOS', 'CHICHAS', 1),
('040605', 'AREQUIPA', 'CONDESUYOS', 'IRAY', 1),
('040606', 'AREQUIPA', 'CONDESUYOS', 'SALAMANCA', 1),
('040607', 'AREQUIPA', 'CONDESUYOS', 'YANAQUIHUA', 1),
('040608', 'AREQUIPA', 'CONDESUYOS', 'RIO GRANDE', 1),
('040701', 'AREQUIPA', 'ISLAY', 'MOLLENDO', 1),
('040702', 'AREQUIPA', 'ISLAY', 'COCACHACRA', 1),
('040703', 'AREQUIPA', 'ISLAY', 'DEAN VALDIVIA', 1),
('040704', 'AREQUIPA', 'ISLAY', 'ISLAY', 1),
('040705', 'AREQUIPA', 'ISLAY', 'MEJIA', 1),
('040706', 'AREQUIPA', 'ISLAY', 'PUNTA DE BOMBON', 1),
('040801', 'AREQUIPA', 'LA UNION', 'COTAHUASI', 1),
('040802', 'AREQUIPA', 'LA UNION', 'ALCA', 1),
('040803', 'AREQUIPA', 'LA UNION', 'CHARCANA', 1),
('040804', 'AREQUIPA', 'LA UNION', 'HUAYNACOTAS', 1),
('040805', 'AREQUIPA', 'LA UNION', 'PAMPAMARCA', 1),
('040806', 'AREQUIPA', 'LA UNION', 'PUYCA', 1),
('040807', 'AREQUIPA', 'LA UNION', 'QUECHUALLA', 1),
('040808', 'AREQUIPA', 'LA UNION', 'SAYLA', 1),
('040809', 'AREQUIPA', 'LA UNION', 'TAURIA', 1),
('040810', 'AREQUIPA', 'LA UNION', 'TOMEPAMPA', 1),
('040811', 'AREQUIPA', 'LA UNION', 'TORO', 1),
('050101', 'AYACUCHO', 'HUAMANGA', 'AYACUCHO', 1),
('050102', 'AYACUCHO', 'HUAMANGA', 'ACOS VINCHOS', 1),
('050103', 'AYACUCHO', 'HUAMANGA', 'CARMEN ALTO', 1),
('050104', 'AYACUCHO', 'HUAMANGA', 'CHIARA', 1),
('050105', 'AYACUCHO', 'HUAMANGA', 'QUINUA', 1),
('050106', 'AYACUCHO', 'HUAMANGA', 'SAN JOSE DE TICLLAS', 1),
('050107', 'AYACUCHO', 'HUAMANGA', 'SAN JUAN BAUTISTA', 1),
('050108', 'AYACUCHO', 'HUAMANGA', 'SANTIAGO DE PISCHA', 1),
('050109', 'AYACUCHO', 'HUAMANGA', 'VINCHOS', 1),
('050110', 'AYACUCHO', 'HUAMANGA', 'TAMBILLO', 1),
('050111', 'AYACUCHO', 'HUAMANGA', 'ACOCRO', 1),
('050112', 'AYACUCHO', 'HUAMANGA', 'SOCOS', 1),
('050113', 'AYACUCHO', 'HUAMANGA', 'OCROS', 1),
('050114', 'AYACUCHO', 'HUAMANGA', 'PACAYCASA', 1),
('050115', 'AYACUCHO', 'HUAMANGA', 'JESUS NAZARENO', 1),
('050116', 'AYACUCHO', 'HUAMANGA', 'ANDRES AVELINO CACERES DORREGARAY', 1),
('050201', 'AYACUCHO', 'CANGALLO', 'CANGALLO', 1),
('050204', 'AYACUCHO', 'CANGALLO', 'CHUSCHI', 1),
('050206', 'AYACUCHO', 'CANGALLO', 'LOS MOROCHUCOS', 1),
('050207', 'AYACUCHO', 'CANGALLO', 'PARAS', 1),
('050208', 'AYACUCHO', 'CANGALLO', 'TOTOS', 1),
('050211', 'AYACUCHO', 'CANGALLO', 'MARIA PARADO DE BELLIDO', 1),
('050301', 'AYACUCHO', 'HUANTA', 'HUANTA', 1),
('050302', 'AYACUCHO', 'HUANTA', 'AYAHUANCO', 1),
('050303', 'AYACUCHO', 'HUANTA', 'HUAMANGUILLA', 1),
('050304', 'AYACUCHO', 'HUANTA', 'IGUAIN', 1),
('050305', 'AYACUCHO', 'HUANTA', 'LURICOCHA', 1),
('050307', 'AYACUCHO', 'HUANTA', 'SANTILLANA', 1),
('050308', 'AYACUCHO', 'HUANTA', 'SIVIA', 1),
('050309', 'AYACUCHO', 'HUANTA', 'LLOCHEGUA', 1),
('050310', 'AYACUCHO', 'HUANTA', 'CANAYRE', 1),
('050311', 'AYACUCHO', 'HUANTA', 'UCHURACCAY', 1),
('050312', 'AYACUCHO', 'HUANTA', 'PUCACOLPA', 1),
('050313', 'AYACUCHO', 'HUANTA', 'CHACA', 1),
('050314', 'AYACUCHO', 'HUANTA', 'PUTIS', 1),
('050401', 'AYACUCHO', 'LA MAR', 'SAN MIGUEL', 1),
('050402', 'AYACUCHO', 'LA MAR', 'ANCO', 1),
('050403', 'AYACUCHO', 'LA MAR', 'AYNA', 1),
('050404', 'AYACUCHO', 'LA MAR', 'CHILCAS', 1),
('050405', 'AYACUCHO', 'LA MAR', 'CHUNGUI', 1),
('050406', 'AYACUCHO', 'LA MAR', 'TAMBO', 1),
('050407', 'AYACUCHO', 'LA MAR', 'LUIS CARRANZA', 1),
('050408', 'AYACUCHO', 'LA MAR', 'SANTA ROSA', 1),
('050409', 'AYACUCHO', 'LA MAR', 'SAMUGARI', 1),
('050410', 'AYACUCHO', 'LA MAR', 'ANCHIHUAY', 1),
('050411', 'AYACUCHO', 'LA MAR', 'ORONCCOY', 1),
('050412', 'AYACUCHO', 'LA MAR', 'UNION PROGRESO', 1),
('050413', 'AYACUCHO', 'LA MAR', 'PATIBAMBA', 1),
('050414', 'AYACUCHO', 'LA MAR', 'NINABAMBA', 1),
('050415', 'AYACUCHO', 'LA MAR', 'RIO MAGDALENA', 1),
('050501', 'AYACUCHO', 'LUCANAS', 'PUQUIO', 1),
('050502', 'AYACUCHO', 'LUCANAS', 'AUCARA', 1),
('050503', 'AYACUCHO', 'LUCANAS', 'CABANA', 1),
('050504', 'AYACUCHO', 'LUCANAS', 'CARMEN SALCEDO', 1),
('050506', 'AYACUCHO', 'LUCANAS', 'CHAVIÑA', 1),
('050508', 'AYACUCHO', 'LUCANAS', 'CHIPAO', 1),
('050510', 'AYACUCHO', 'LUCANAS', 'HUAC-HUAS', 1),
('050511', 'AYACUCHO', 'LUCANAS', 'LARAMATE', 1),
('050512', 'AYACUCHO', 'LUCANAS', 'LEONCIO PRADO', 1),
('050513', 'AYACUCHO', 'LUCANAS', 'LUCANAS', 1),
('050514', 'AYACUCHO', 'LUCANAS', 'LLAUTA', 1),
('050516', 'AYACUCHO', 'LUCANAS', 'OCAÑA', 1),
('050517', 'AYACUCHO', 'LUCANAS', 'OTOCA', 1),
('050520', 'AYACUCHO', 'LUCANAS', 'SANCOS', 1),
('050521', 'AYACUCHO', 'LUCANAS', 'SAN JUAN', 1),
('050522', 'AYACUCHO', 'LUCANAS', 'SAN PEDRO', 1),
('050524', 'AYACUCHO', 'LUCANAS', 'SANTA ANA DE HUAYCAHUACHO', 1),
('050525', 'AYACUCHO', 'LUCANAS', 'SANTA LUCIA', 1),
('050529', 'AYACUCHO', 'LUCANAS', 'SAISA', 1),
('050531', 'AYACUCHO', 'LUCANAS', 'SAN PEDRO DE PALCO', 1),
('050532', 'AYACUCHO', 'LUCANAS', 'SAN CRISTOBAL', 1),
('050601', 'AYACUCHO', 'PARINACOCHAS', 'CORACORA', 1),
('050604', 'AYACUCHO', 'PARINACOCHAS', 'CORONEL CASTAÑEDA', 1),
('050605', 'AYACUCHO', 'PARINACOCHAS', 'CHUMPI', 1),
('050608', 'AYACUCHO', 'PARINACOCHAS', 'PACAPAUSA', 1),
('050611', 'AYACUCHO', 'PARINACOCHAS', 'PULLO', 1),
('050612', 'AYACUCHO', 'PARINACOCHAS', 'PUYUSCA', 1),
('050615', 'AYACUCHO', 'PARINACOCHAS', 'SAN FRANCISCO DE RAVACAYCO', 1),
('050616', 'AYACUCHO', 'PARINACOCHAS', 'UPAHUACHO', 1),
('050701', 'AYACUCHO', 'VICTOR FAJARDO', 'HUANCAPI', 1),
('050702', 'AYACUCHO', 'VICTOR FAJARDO', 'ALCAMENCA', 1),
('050703', 'AYACUCHO', 'VICTOR FAJARDO', 'APONGO', 1),
('050704', 'AYACUCHO', 'VICTOR FAJARDO', 'CANARIA', 1),
('050706', 'AYACUCHO', 'VICTOR FAJARDO', 'CAYARA', 1),
('050707', 'AYACUCHO', 'VICTOR FAJARDO', 'COLCA', 1),
('050708', 'AYACUCHO', 'VICTOR FAJARDO', 'HUAYA', 1),
('050709', 'AYACUCHO', 'VICTOR FAJARDO', 'HUAMANQUIQUIA', 1),
('050710', 'AYACUCHO', 'VICTOR FAJARDO', 'HUANCARAYLLA', 1),
('050713', 'AYACUCHO', 'VICTOR FAJARDO', 'SARHUA', 1),
('050714', 'AYACUCHO', 'VICTOR FAJARDO', 'VILCANCHOS', 1),
('050715', 'AYACUCHO', 'VICTOR FAJARDO', 'ASQUIPATA', 1),
('050801', 'AYACUCHO', 'HUANCA SANCOS', 'SANCOS', 1),
('050802', 'AYACUCHO', 'HUANCA SANCOS', 'SACSAMARCA', 1),
('050803', 'AYACUCHO', 'HUANCA SANCOS', 'SANTIAGO DE LUCANAMARCA', 1),
('050804', 'AYACUCHO', 'HUANCA SANCOS', 'CARAPO', 1),
('050901', 'AYACUCHO', 'VILCAS HUAMAN', 'VILCAS HUAMAN', 1),
('050902', 'AYACUCHO', 'VILCAS HUAMAN', 'VISCHONGO', 1),
('050903', 'AYACUCHO', 'VILCAS HUAMAN', 'ACCOMARCA', 1),
('050904', 'AYACUCHO', 'VILCAS HUAMAN', 'CARHUANCA', 1),
('050905', 'AYACUCHO', 'VILCAS HUAMAN', 'CONCEPCION', 1),
('050906', 'AYACUCHO', 'VILCAS HUAMAN', 'HUAMBALPA', 1),
('050907', 'AYACUCHO', 'VILCAS HUAMAN', 'SAURAMA', 1),
('050908', 'AYACUCHO', 'VILCAS HUAMAN', 'INDEPENDENCIA', 1),
('051001', 'AYACUCHO', 'PAUCAR DEL SARA SARA', 'PAUSA', 1),
('051002', 'AYACUCHO', 'PAUCAR DEL SARA SARA', 'COLTA', 1),
('051003', 'AYACUCHO', 'PAUCAR DEL SARA SARA', 'CORCULLA', 1),
('051004', 'AYACUCHO', 'PAUCAR DEL SARA SARA', 'LAMPA', 1),
('051005', 'AYACUCHO', 'PAUCAR DEL SARA SARA', 'MARCABAMBA', 1),
('051006', 'AYACUCHO', 'PAUCAR DEL SARA SARA', 'OYOLO', 1),
('051007', 'AYACUCHO', 'PAUCAR DEL SARA SARA', 'PARARCA', 1),
('051008', 'AYACUCHO', 'PAUCAR DEL SARA SARA', 'SAN JAVIER DE ALPABAMBA', 1),
('051009', 'AYACUCHO', 'PAUCAR DEL SARA SARA', 'SAN JOSE DE USHUA', 1),
('051010', 'AYACUCHO', 'PAUCAR DEL SARA SARA', 'SARA SARA', 1),
('051101', 'AYACUCHO', 'SUCRE', 'QUEROBAMBA', 1),
('051102', 'AYACUCHO', 'SUCRE', 'BELEN', 1),
('051103', 'AYACUCHO', 'SUCRE', 'CHALCOS', 1),
('051104', 'AYACUCHO', 'SUCRE', 'SAN SALVADOR DE QUIJE', 1),
('051105', 'AYACUCHO', 'SUCRE', 'PAICO', 1),
('051106', 'AYACUCHO', 'SUCRE', 'SANTIAGO DE PAUCARAY', 1),
('051107', 'AYACUCHO', 'SUCRE', 'SAN PEDRO DE LARCAY', 1),
('051108', 'AYACUCHO', 'SUCRE', 'SORAS', 1),
('051109', 'AYACUCHO', 'SUCRE', 'HUACAÑA', 1),
('051110', 'AYACUCHO', 'SUCRE', 'CHILCAYOC', 1),
('051111', 'AYACUCHO', 'SUCRE', 'MORCOLLA', 1),
('060101', 'CAJAMARCA', 'CAJAMARCA', 'CAJAMARCA', 1),
('060102', 'CAJAMARCA', 'CAJAMARCA', 'ASUNCION', 1),
('060103', 'CAJAMARCA', 'CAJAMARCA', 'COSPAN', 1),
('060104', 'CAJAMARCA', 'CAJAMARCA', 'CHETILLA', 1),
('060105', 'CAJAMARCA', 'CAJAMARCA', 'ENCAÑADA', 1),
('060106', 'CAJAMARCA', 'CAJAMARCA', 'JESUS', 1),
('060107', 'CAJAMARCA', 'CAJAMARCA', 'LOS BAÑOS DEL INCA', 1),
('060108', 'CAJAMARCA', 'CAJAMARCA', 'LLACANORA', 1),
('060109', 'CAJAMARCA', 'CAJAMARCA', 'MAGDALENA', 1),
('060110', 'CAJAMARCA', 'CAJAMARCA', 'MATARA', 1),
('060111', 'CAJAMARCA', 'CAJAMARCA', 'NAMORA', 1),
('060112', 'CAJAMARCA', 'CAJAMARCA', 'SAN JUAN', 1),
('060201', 'CAJAMARCA', 'CAJABAMBA', 'CAJABAMBA', 1),
('060202', 'CAJAMARCA', 'CAJABAMBA', 'CACHACHI', 1),
('060203', 'CAJAMARCA', 'CAJABAMBA', 'CONDEBAMBA', 1),
('060205', 'CAJAMARCA', 'CAJABAMBA', 'SITACOCHA', 1),
('060301', 'CAJAMARCA', 'CELENDIN', 'CELENDIN', 1),
('060302', 'CAJAMARCA', 'CELENDIN', 'CORTEGANA', 1),
('060303', 'CAJAMARCA', 'CELENDIN', 'CHUMUCH', 1),
('060304', 'CAJAMARCA', 'CELENDIN', 'HUASMIN', 1),
('060305', 'CAJAMARCA', 'CELENDIN', 'JORGE CHAVEZ', 1),
('060306', 'CAJAMARCA', 'CELENDIN', 'JOSE GALVEZ', 1),
('060307', 'CAJAMARCA', 'CELENDIN', 'MIGUEL IGLESIAS', 1),
('060308', 'CAJAMARCA', 'CELENDIN', 'OXAMARCA', 1),
('060309', 'CAJAMARCA', 'CELENDIN', 'SOROCHUCO', 1),
('060310', 'CAJAMARCA', 'CELENDIN', 'SUCRE', 1),
('060311', 'CAJAMARCA', 'CELENDIN', 'UTCO', 1),
('060312', 'CAJAMARCA', 'CELENDIN', 'LA LIBERTAD DE PALLAN', 1),
('060401', 'CAJAMARCA', 'CONTUMAZA', 'CONTUMAZA', 1),
('060403', 'CAJAMARCA', 'CONTUMAZA', 'CHILETE', 1),
('060404', 'CAJAMARCA', 'CONTUMAZA', 'GUZMANGO', 1),
('060405', 'CAJAMARCA', 'CONTUMAZA', 'SAN BENITO', 1),
('060406', 'CAJAMARCA', 'CONTUMAZA', 'CUPISNIQUE', 1),
('060407', 'CAJAMARCA', 'CONTUMAZA', 'TANTARICA', 1),
('060408', 'CAJAMARCA', 'CONTUMAZA', 'YONAN', 1),
('060409', 'CAJAMARCA', 'CONTUMAZA', 'SANTA CRUZ DE TOLEDO', 1),
('060501', 'CAJAMARCA', 'CUTERVO', 'CUTERVO', 1),
('060502', 'CAJAMARCA', 'CUTERVO', 'CALLAYUC', 1),
('060503', 'CAJAMARCA', 'CUTERVO', 'CUJILLO', 1),
('060504', 'CAJAMARCA', 'CUTERVO', 'CHOROS', 1),
('060505', 'CAJAMARCA', 'CUTERVO', 'LA RAMADA', 1),
('060506', 'CAJAMARCA', 'CUTERVO', 'PIMPINGOS', 1),
('060507', 'CAJAMARCA', 'CUTERVO', 'QUEROCOTILLO', 1),
('060508', 'CAJAMARCA', 'CUTERVO', 'SAN ANDRES DE CUTERVO', 1),
('060509', 'CAJAMARCA', 'CUTERVO', 'SAN JUAN DE CUTERVO', 1),
('060510', 'CAJAMARCA', 'CUTERVO', 'SAN LUIS DE LUCMA', 1),
('060511', 'CAJAMARCA', 'CUTERVO', 'SANTA CRUZ', 1),
('060512', 'CAJAMARCA', 'CUTERVO', 'SANTO DOMINGO DE LA CAPILLA', 1),
('060513', 'CAJAMARCA', 'CUTERVO', 'SANTO TOMAS', 1),
('060514', 'CAJAMARCA', 'CUTERVO', 'SOCOTA', 1),
('060515', 'CAJAMARCA', 'CUTERVO', 'TORIBIO CASANOVA', 1),
('060601', 'CAJAMARCA', 'CHOTA', 'CHOTA', 1),
('060602', 'CAJAMARCA', 'CHOTA', 'ANGUIA', 1),
('060603', 'CAJAMARCA', 'CHOTA', 'COCHABAMBA', 1),
('060604', 'CAJAMARCA', 'CHOTA', 'CONCHAN', 1),
('060605', 'CAJAMARCA', 'CHOTA', 'CHADIN', 1),
('060606', 'CAJAMARCA', 'CHOTA', 'CHIGUIRIP', 1),
('060607', 'CAJAMARCA', 'CHOTA', 'CHIMBAN', 1),
('060608', 'CAJAMARCA', 'CHOTA', 'HUAMBOS', 1),
('060609', 'CAJAMARCA', 'CHOTA', 'LAJAS', 1),
('060610', 'CAJAMARCA', 'CHOTA', 'LLAMA', 1),
('060611', 'CAJAMARCA', 'CHOTA', 'MIRACOSTA', 1),
('060612', 'CAJAMARCA', 'CHOTA', 'PACCHA', 1),
('060613', 'CAJAMARCA', 'CHOTA', 'PION', 1),
('060614', 'CAJAMARCA', 'CHOTA', 'QUEROCOTO', 1),
('060615', 'CAJAMARCA', 'CHOTA', 'TACABAMBA', 1),
('060616', 'CAJAMARCA', 'CHOTA', 'TOCMOCHE', 1),
('060617', 'CAJAMARCA', 'CHOTA', 'SAN JUAN DE LICUPIS', 1),
('060618', 'CAJAMARCA', 'CHOTA', 'CHOROPAMPA', 1),
('060619', 'CAJAMARCA', 'CHOTA', 'CHALAMARCA', 1),
('060701', 'CAJAMARCA', 'HUALGAYOC', 'BAMBAMARCA', 1),
('060702', 'CAJAMARCA', 'HUALGAYOC', 'CHUGUR', 1),
('060703', 'CAJAMARCA', 'HUALGAYOC', 'HUALGAYOC', 1),
('060801', 'CAJAMARCA', 'JAEN', 'JAEN', 1),
('060802', 'CAJAMARCA', 'JAEN', 'BELLAVISTA', 1),
('060803', 'CAJAMARCA', 'JAEN', 'COLASAY', 1),
('060804', 'CAJAMARCA', 'JAEN', 'CHONTALI', 1),
('060805', 'CAJAMARCA', 'JAEN', 'POMAHUACA', 1),
('060806', 'CAJAMARCA', 'JAEN', 'PUCARA', 1),
('060807', 'CAJAMARCA', 'JAEN', 'SALLIQUE', 1),
('060808', 'CAJAMARCA', 'JAEN', 'SAN FELIPE', 1),
('060809', 'CAJAMARCA', 'JAEN', 'SAN JOSE DEL ALTO', 1),
('060810', 'CAJAMARCA', 'JAEN', 'SANTA ROSA', 1),
('060811', 'CAJAMARCA', 'JAEN', 'LAS PIRIAS', 1),
('060812', 'CAJAMARCA', 'JAEN', 'HUABAL', 1),
('060901', 'CAJAMARCA', 'SANTA CRUZ', 'SANTA CRUZ', 1),
('060902', 'CAJAMARCA', 'SANTA CRUZ', 'CATACHE', 1),
('060903', 'CAJAMARCA', 'SANTA CRUZ', 'CHANCAYBAÑOS', 1),
('060904', 'CAJAMARCA', 'SANTA CRUZ', 'LA ESPERANZA', 1),
('060905', 'CAJAMARCA', 'SANTA CRUZ', 'NINABAMBA', 1),
('060906', 'CAJAMARCA', 'SANTA CRUZ', 'PULAN', 1),
('060907', 'CAJAMARCA', 'SANTA CRUZ', 'SEXI', 1),
('060908', 'CAJAMARCA', 'SANTA CRUZ', 'UTICYACU', 1),
('060909', 'CAJAMARCA', 'SANTA CRUZ', 'YAUYUCAN', 1),
('060910', 'CAJAMARCA', 'SANTA CRUZ', 'ANDABAMBA', 1),
('060911', 'CAJAMARCA', 'SANTA CRUZ', 'SAUCEPAMPA', 1),
('061001', 'CAJAMARCA', 'SAN MIGUEL', 'SAN MIGUEL', 1),
('061002', 'CAJAMARCA', 'SAN MIGUEL', 'CALQUIS', 1),
('061003', 'CAJAMARCA', 'SAN MIGUEL', 'LA FLORIDA', 1),
('061004', 'CAJAMARCA', 'SAN MIGUEL', 'LLAPA', 1),
('061005', 'CAJAMARCA', 'SAN MIGUEL', 'NANCHOC', 1),
('061006', 'CAJAMARCA', 'SAN MIGUEL', 'NIEPOS', 1),
('061007', 'CAJAMARCA', 'SAN MIGUEL', 'SAN GREGORIO', 1),
('061008', 'CAJAMARCA', 'SAN MIGUEL', 'SAN SILVESTRE DE COCHAN', 1),
('061009', 'CAJAMARCA', 'SAN MIGUEL', 'EL PRADO', 1),
('061010', 'CAJAMARCA', 'SAN MIGUEL', 'UNION AGUA BLANCA', 1),
('061011', 'CAJAMARCA', 'SAN MIGUEL', 'TONGOD', 1),
('061012', 'CAJAMARCA', 'SAN MIGUEL', 'CATILLUC', 1),
('061013', 'CAJAMARCA', 'SAN MIGUEL', 'BOLIVAR', 1),
('061101', 'CAJAMARCA', 'SAN IGNACIO', 'SAN IGNACIO', 1),
('061102', 'CAJAMARCA', 'SAN IGNACIO', 'CHIRINOS', 1),
('061103', 'CAJAMARCA', 'SAN IGNACIO', 'HUARANGO', 1),
('061104', 'CAJAMARCA', 'SAN IGNACIO', 'NAMBALLE', 1),
('061105', 'CAJAMARCA', 'SAN IGNACIO', 'LA COIPA', 1),
('061106', 'CAJAMARCA', 'SAN IGNACIO', 'SAN JOSE DE LOURDES', 1),
('061107', 'CAJAMARCA', 'SAN IGNACIO', 'TABACONAS', 1),
('061201', 'CAJAMARCA', 'SAN MARCOS', 'PEDRO GALVEZ', 1),
('061202', 'CAJAMARCA', 'SAN MARCOS', 'ICHOCAN', 1),
('061203', 'CAJAMARCA', 'SAN MARCOS', 'GREGORIO PITA', 1),
('061204', 'CAJAMARCA', 'SAN MARCOS', 'JOSE MANUEL QUIROZ', 1),
('061205', 'CAJAMARCA', 'SAN MARCOS', 'EDUARDO VILLANUEVA', 1),
('061206', 'CAJAMARCA', 'SAN MARCOS', 'JOSE SABOGAL', 1),
('061207', 'CAJAMARCA', 'SAN MARCOS', 'CHANCAY', 1),
('061301', 'CAJAMARCA', 'SAN PABLO', 'SAN PABLO', 1),
('061302', 'CAJAMARCA', 'SAN PABLO', 'SAN BERNARDINO', 1),
('061303', 'CAJAMARCA', 'SAN PABLO', 'SAN LUIS', 1),
('061304', 'CAJAMARCA', 'SAN PABLO', 'TUMBADEN', 1),
('070101', 'CUSCO', 'CUSCO', 'CUSCO', 1),
('070102', 'CUSCO', 'CUSCO', 'CCORCA', 1),
('070103', 'CUSCO', 'CUSCO', 'POROY', 1),
('070104', 'CUSCO', 'CUSCO', 'SAN JERONIMO', 1),
('070105', 'CUSCO', 'CUSCO', 'SAN SEBASTIAN', 1),
('070106', 'CUSCO', 'CUSCO', 'SANTIAGO', 1),
('070107', 'CUSCO', 'CUSCO', 'SAYLLA', 1),
('070108', 'CUSCO', 'CUSCO', 'WANCHAQ', 1),
('070201', 'CUSCO', 'ACOMAYO', 'ACOMAYO', 1),
('070202', 'CUSCO', 'ACOMAYO', 'ACOPIA', 1),
('070203', 'CUSCO', 'ACOMAYO', 'ACOS', 1),
('070204', 'CUSCO', 'ACOMAYO', 'POMACANCHI', 1),
('070205', 'CUSCO', 'ACOMAYO', 'RONDOCAN', 1),
('070206', 'CUSCO', 'ACOMAYO', 'SANGARARA', 1),
('070207', 'CUSCO', 'ACOMAYO', 'MOSOC LLACTA', 1),
('070301', 'CUSCO', 'ANTA', 'ANTA', 1),
('070302', 'CUSCO', 'ANTA', 'CHINCHAYPUJIO', 1),
('070303', 'CUSCO', 'ANTA', 'HUAROCONDO', 1),
('070304', 'CUSCO', 'ANTA', 'LIMATAMBO', 1),
('070305', 'CUSCO', 'ANTA', 'MOLLEPATA', 1),
('070306', 'CUSCO', 'ANTA', 'PUCYURA', 1),
('070307', 'CUSCO', 'ANTA', 'ZURITE', 1),
('070308', 'CUSCO', 'ANTA', 'CACHIMAYO', 1),
('070309', 'CUSCO', 'ANTA', 'ANCAHUASI', 1),
('070401', 'CUSCO', 'CALCA', 'CALCA', 1),
('070402', 'CUSCO', 'CALCA', 'COYA', 1),
('070403', 'CUSCO', 'CALCA', 'LAMAY', 1),
('070404', 'CUSCO', 'CALCA', 'LARES', 1),
('070405', 'CUSCO', 'CALCA', 'PISAC', 1),
('070406', 'CUSCO', 'CALCA', 'SAN SALVADOR', 1),
('070407', 'CUSCO', 'CALCA', 'TARAY', 1),
('070408', 'CUSCO', 'CALCA', 'YANATILE', 1),
('070501', 'CUSCO', 'CANAS', 'YANAOCA', 1),
('070502', 'CUSCO', 'CANAS', 'CHECCA', 1),
('070503', 'CUSCO', 'CANAS', 'KUNTURKANKI', 1),
('070504', 'CUSCO', 'CANAS', 'LANGUI', 1),
('070505', 'CUSCO', 'CANAS', 'LAYO', 1),
('070506', 'CUSCO', 'CANAS', 'PAMPAMARCA', 1),
('070507', 'CUSCO', 'CANAS', 'QUEHUE', 1),
('070508', 'CUSCO', 'CANAS', 'TUPAC AMARU', 1),
('070601', 'CUSCO', 'CANCHIS', 'SICUANI', 1),
('070602', 'CUSCO', 'CANCHIS', 'COMBAPATA', 1),
('070603', 'CUSCO', 'CANCHIS', 'CHECACUPE', 1),
('070604', 'CUSCO', 'CANCHIS', 'MARANGANI', 1),
('070605', 'CUSCO', 'CANCHIS', 'PITUMARCA', 1),
('070606', 'CUSCO', 'CANCHIS', 'SAN PABLO', 1),
('070607', 'CUSCO', 'CANCHIS', 'SAN PEDRO', 1),
('070608', 'CUSCO', 'CANCHIS', 'TINTA', 1),
('070701', 'CUSCO', 'CHUMBIVILCAS', 'SANTO TOMAS', 1),
('070702', 'CUSCO', 'CHUMBIVILCAS', 'CAPACMARCA', 1),
('070703', 'CUSCO', 'CHUMBIVILCAS', 'COLQUEMARCA', 1),
('070704', 'CUSCO', 'CHUMBIVILCAS', 'CHAMACA', 1),
('070705', 'CUSCO', 'CHUMBIVILCAS', 'LIVITACA', 1),
('070706', 'CUSCO', 'CHUMBIVILCAS', 'LLUSCO', 1),
('070707', 'CUSCO', 'CHUMBIVILCAS', 'QUIÑOTA', 1),
('070708', 'CUSCO', 'CHUMBIVILCAS', 'VELILLE', 1),
('070801', 'CUSCO', 'ESPINAR', 'ESPINAR', 1),
('070802', 'CUSCO', 'ESPINAR', 'CONDOROMA', 1),
('070803', 'CUSCO', 'ESPINAR', 'COPORAQUE', 1),
('070804', 'CUSCO', 'ESPINAR', 'OCORURO', 1),
('070805', 'CUSCO', 'ESPINAR', 'PALLPATA', 1),
('070806', 'CUSCO', 'ESPINAR', 'PICHIGUA', 1),
('070807', 'CUSCO', 'ESPINAR', 'SUYCKUTAMBO', 1),
('070808', 'CUSCO', 'ESPINAR', 'ALTO PICHIGUA', 1),
('070901', 'CUSCO', 'LA CONVENCION', 'SANTA ANA', 1),
('070902', 'CUSCO', 'LA CONVENCION', 'ECHARATE', 1),
('070903', 'CUSCO', 'LA CONVENCION', 'HUAYOPATA', 1),
('070904', 'CUSCO', 'LA CONVENCION', 'MARANURA', 1),
('070905', 'CUSCO', 'LA CONVENCION', 'OCOBAMBA', 1),
('070906', 'CUSCO', 'LA CONVENCION', 'SANTA TERESA', 1),
('070907', 'CUSCO', 'LA CONVENCION', 'VILCABAMBA', 1),
('070908', 'CUSCO', 'LA CONVENCION', 'QUELLOUNO', 1),
('070909', 'CUSCO', 'LA CONVENCION', 'QUIMBIRI', 1),
('070910', 'CUSCO', 'LA CONVENCION', 'PICHARI', 1),
('070911', 'CUSCO', 'LA CONVENCION', 'INKAWASI', 1),
('070912', 'CUSCO', 'LA CONVENCION', 'VILLA VIRGEN', 1),
('070913', 'CUSCO', 'LA CONVENCION', 'VILLA KINTIARINA', 1),
('070915', 'CUSCO', 'LA CONVENCION', 'MEGANTONI', 1),
('070916', 'CUSCO', 'LA CONVENCION', 'KUMPIRUSHIATO', 1),
('070917', 'CUSCO', 'LA CONVENCION', 'CIELO PUNCO', 1),
('070918', 'CUSCO', 'LA CONVENCION', 'MANITEA', 1),
('070919', 'CUSCO', 'LA CONVENCION', 'UNION ASHÁNINKA', 1),
('071001', 'CUSCO', 'PARURO', 'PARURO', 1),
('071002', 'CUSCO', 'PARURO', 'ACCHA', 1),
('071003', 'CUSCO', 'PARURO', 'CCAPI', 1),
('071004', 'CUSCO', 'PARURO', 'COLCHA', 1),
('071005', 'CUSCO', 'PARURO', 'HUANOQUITE', 1),
('071006', 'CUSCO', 'PARURO', 'OMACHA', 1),
('071007', 'CUSCO', 'PARURO', 'YAURISQUE', 1),
('071008', 'CUSCO', 'PARURO', 'PACCARITAMBO', 1),
('071009', 'CUSCO', 'PARURO', 'PILLPINTO', 1),
('071101', 'CUSCO', 'PAUCARTAMBO', 'PAUCARTAMBO', 1),
('071102', 'CUSCO', 'PAUCARTAMBO', 'CAICAY', 1),
('071103', 'CUSCO', 'PAUCARTAMBO', 'COLQUEPATA', 1),
('071104', 'CUSCO', 'PAUCARTAMBO', 'CHALLABAMBA', 1),
('071105', 'CUSCO', 'PAUCARTAMBO', 'KOSÑIPATA', 1),
('071106', 'CUSCO', 'PAUCARTAMBO', 'HUANCARANI', 1),
('071201', 'CUSCO', 'QUISPICANCHI', 'URCOS', 1),
('071202', 'CUSCO', 'QUISPICANCHI', 'ANDAHUAYLILLAS', 1),
('071203', 'CUSCO', 'QUISPICANCHI', 'CAMANTI', 1),
('071204', 'CUSCO', 'QUISPICANCHI', 'CCARHUAYO', 1),
('071205', 'CUSCO', 'QUISPICANCHI', 'CCATCA', 1),
('071206', 'CUSCO', 'QUISPICANCHI', 'CUSIPATA', 1),
('071207', 'CUSCO', 'QUISPICANCHI', 'HUARO', 1),
('071208', 'CUSCO', 'QUISPICANCHI', 'LUCRE', 1),
('071209', 'CUSCO', 'QUISPICANCHI', 'MARCAPATA', 1),
('071210', 'CUSCO', 'QUISPICANCHI', 'OCONGATE', 1),
('071211', 'CUSCO', 'QUISPICANCHI', 'OROPESA', 1),
('071212', 'CUSCO', 'QUISPICANCHI', 'QUIQUIJANA', 1),
('071301', 'CUSCO', 'URUBAMBA', 'URUBAMBA', 1),
('071302', 'CUSCO', 'URUBAMBA', 'CHINCHERO', 1),
('071303', 'CUSCO', 'URUBAMBA', 'HUAYLLABAMBA', 1),
('071304', 'CUSCO', 'URUBAMBA', 'MACHUPICCHU', 1),
('071305', 'CUSCO', 'URUBAMBA', 'MARAS', 1),
('071306', 'CUSCO', 'URUBAMBA', 'OLLANTAYTAMBO', 1),
('071307', 'CUSCO', 'URUBAMBA', 'YUCAY', 1),
('080101', 'HUANCAVELICA', 'HUANCAVELICA', 'HUANCAVELICA', 1),
('080102', 'HUANCAVELICA', 'HUANCAVELICA', 'ACOBAMBILLA', 1),
('080103', 'HUANCAVELICA', 'HUANCAVELICA', 'ACORIA', 1),
('080104', 'HUANCAVELICA', 'HUANCAVELICA', 'CONAYCA', 1),
('080105', 'HUANCAVELICA', 'HUANCAVELICA', 'CUENCA', 1),
('080106', 'HUANCAVELICA', 'HUANCAVELICA', 'HUACHOCOLPA', 1),
('080108', 'HUANCAVELICA', 'HUANCAVELICA', 'HUAYLLAHUARA', 1),
('080109', 'HUANCAVELICA', 'HUANCAVELICA', 'IZCUCHACA', 1),
('080110', 'HUANCAVELICA', 'HUANCAVELICA', 'LARIA', 1),
('080111', 'HUANCAVELICA', 'HUANCAVELICA', 'MANTA', 1),
('080112', 'HUANCAVELICA', 'HUANCAVELICA', 'MARISCAL CACERES', 1),
('080113', 'HUANCAVELICA', 'HUANCAVELICA', 'MOYA', 1),
('080114', 'HUANCAVELICA', 'HUANCAVELICA', 'NUEVO OCCORO', 1),
('080115', 'HUANCAVELICA', 'HUANCAVELICA', 'PALCA', 1),
('080116', 'HUANCAVELICA', 'HUANCAVELICA', 'PILCHACA', 1),
('080117', 'HUANCAVELICA', 'HUANCAVELICA', 'VILCA', 1),
('080118', 'HUANCAVELICA', 'HUANCAVELICA', 'YAULI', 1),
('080119', 'HUANCAVELICA', 'HUANCAVELICA', 'ASCENSION', 1),
('080120', 'HUANCAVELICA', 'HUANCAVELICA', 'HUANDO', 1),
('080201', 'HUANCAVELICA', 'ACOBAMBA', 'ACOBAMBA', 1),
('080202', 'HUANCAVELICA', 'ACOBAMBA', 'ANTA', 1),
('080203', 'HUANCAVELICA', 'ACOBAMBA', 'ANDABAMBA', 1),
('080204', 'HUANCAVELICA', 'ACOBAMBA', 'CAJA', 1),
('080205', 'HUANCAVELICA', 'ACOBAMBA', 'MARCAS', 1),
('080206', 'HUANCAVELICA', 'ACOBAMBA', 'PAUCARA', 1),
('080207', 'HUANCAVELICA', 'ACOBAMBA', 'POMACOCHA', 1),
('080208', 'HUANCAVELICA', 'ACOBAMBA', 'ROSARIO', 1),
('080301', 'HUANCAVELICA', 'ANGARAES', 'LIRCAY', 1),
('080302', 'HUANCAVELICA', 'ANGARAES', 'ANCHONGA', 1),
('080303', 'HUANCAVELICA', 'ANGARAES', 'CALLANMARCA', 1),
('080304', 'HUANCAVELICA', 'ANGARAES', 'CONGALLA', 1),
('080305', 'HUANCAVELICA', 'ANGARAES', 'CHINCHO', 1),
('080306', 'HUANCAVELICA', 'ANGARAES', 'HUAYLLAY GRANDE', 1),
('080307', 'HUANCAVELICA', 'ANGARAES', 'HUANCA-HUANCA', 1),
('080308', 'HUANCAVELICA', 'ANGARAES', 'JULCAMARCA', 1),
('080309', 'HUANCAVELICA', 'ANGARAES', 'SAN ANTONIO DE ANTAPARCO', 1),
('080310', 'HUANCAVELICA', 'ANGARAES', 'SANTO TOMAS DE PATA', 1),
('080311', 'HUANCAVELICA', 'ANGARAES', 'SECCLLA', 1),
('080312', 'HUANCAVELICA', 'ANGARAES', 'CCOCHACCASA', 1),
('080401', 'HUANCAVELICA', 'CASTROVIRREYNA', 'CASTROVIRREYNA', 1),
('080402', 'HUANCAVELICA', 'CASTROVIRREYNA', 'ARMA', 1),
('080403', 'HUANCAVELICA', 'CASTROVIRREYNA', 'AURAHUA', 1),
('080405', 'HUANCAVELICA', 'CASTROVIRREYNA', 'CAPILLAS', 1),
('080406', 'HUANCAVELICA', 'CASTROVIRREYNA', 'COCAS', 1),
('080408', 'HUANCAVELICA', 'CASTROVIRREYNA', 'CHUPAMARCA', 1),
('080409', 'HUANCAVELICA', 'CASTROVIRREYNA', 'HUACHOS', 1),
('080410', 'HUANCAVELICA', 'CASTROVIRREYNA', 'HUAMATAMBO', 1),
('080414', 'HUANCAVELICA', 'CASTROVIRREYNA', 'MOLLEPAMPA', 1),
('080422', 'HUANCAVELICA', 'CASTROVIRREYNA', 'SAN JUAN', 1),
('080427', 'HUANCAVELICA', 'CASTROVIRREYNA', 'TANTARA', 1),
('080428', 'HUANCAVELICA', 'CASTROVIRREYNA', 'TICRAPO', 1),
('080429', 'HUANCAVELICA', 'CASTROVIRREYNA', 'SANTA ANA', 1),
('080501', 'HUANCAVELICA', 'TAYACAJA', 'PAMPAS', 1),
('080502', 'HUANCAVELICA', 'TAYACAJA', 'ACOSTAMBO', 1),
('080503', 'HUANCAVELICA', 'TAYACAJA', 'ACRAQUIA', 1),
('080504', 'HUANCAVELICA', 'TAYACAJA', 'AHUAYCHA', 1),
('080506', 'HUANCAVELICA', 'TAYACAJA', 'COLCABAMBA', 1),
('080509', 'HUANCAVELICA', 'TAYACAJA', 'DANIEL HERNANDEZ', 1),
('080511', 'HUANCAVELICA', 'TAYACAJA', 'HUACHOCOLPA', 1),
('080512', 'HUANCAVELICA', 'TAYACAJA', 'HUARIBAMBA', 1),
('080515', 'HUANCAVELICA', 'TAYACAJA', 'ÑAHUIMPUQUIO', 1),
('080517', 'HUANCAVELICA', 'TAYACAJA', 'PAZOS', 1),
('080518', 'HUANCAVELICA', 'TAYACAJA', 'QUISHUAR', 1),
('080519', 'HUANCAVELICA', 'TAYACAJA', 'SALCABAMBA', 1),
('080520', 'HUANCAVELICA', 'TAYACAJA', 'SAN MARCOS DE ROCCHAC', 1),
('080523', 'HUANCAVELICA', 'TAYACAJA', 'SURCUBAMBA', 1),
('080525', 'HUANCAVELICA', 'TAYACAJA', 'TINTAY PUNCU', 1),
('080526', 'HUANCAVELICA', 'TAYACAJA', 'SALCAHUASI', 1),
('080528', 'HUANCAVELICA', 'TAYACAJA', 'QUICHUAS', 1),
('080529', 'HUANCAVELICA', 'TAYACAJA', 'ANDAYMARCA', 1),
('080530', 'HUANCAVELICA', 'TAYACAJA', 'ROBLE', 1),
('080531', 'HUANCAVELICA', 'TAYACAJA', 'PICHOS', 1),
('080532', 'HUANCAVELICA', 'TAYACAJA', 'SANTIAGO DE TUCUMA', 1),
('080533', 'HUANCAVELICA', 'TAYACAJA', 'LAMBRAS', 1),
('080534', 'HUANCAVELICA', 'TAYACAJA', 'COCHABAMBA', 1),
('080601', 'HUANCAVELICA', 'HUAYTARA', 'AYAVI', 1),
('080602', 'HUANCAVELICA', 'HUAYTARA', 'CORDOVA', 1),
('080603', 'HUANCAVELICA', 'HUAYTARA', 'HUAYACUNDO ARMA', 1),
('080604', 'HUANCAVELICA', 'HUAYTARA', 'HUAYTARA', 1),
('080605', 'HUANCAVELICA', 'HUAYTARA', 'LARAMARCA', 1),
('080606', 'HUANCAVELICA', 'HUAYTARA', 'OCOYO', 1),
('080607', 'HUANCAVELICA', 'HUAYTARA', 'PILPICHACA', 1),
('080608', 'HUANCAVELICA', 'HUAYTARA', 'QUERCO', 1),
('080609', 'HUANCAVELICA', 'HUAYTARA', 'QUITO-ARMA', 1),
('080610', 'HUANCAVELICA', 'HUAYTARA', 'SAN ANTONIO DE CUSICANCHA', 1),
('080611', 'HUANCAVELICA', 'HUAYTARA', 'SAN FRANCISCO DE SANGAYAICO', 1),
('080612', 'HUANCAVELICA', 'HUAYTARA', 'SAN ISIDRO', 1),
('080613', 'HUANCAVELICA', 'HUAYTARA', 'SANTIAGO DE CHOCORVOS', 1),
('080614', 'HUANCAVELICA', 'HUAYTARA', 'SANTIAGO DE QUIRAHUARA', 1),
('080615', 'HUANCAVELICA', 'HUAYTARA', 'SANTO DOMINGO DE CAPILLAS', 1),
('080616', 'HUANCAVELICA', 'HUAYTARA', 'TAMBO', 1),
('080701', 'HUANCAVELICA', 'CHURCAMPA', 'CHURCAMPA', 1),
('080702', 'HUANCAVELICA', 'CHURCAMPA', 'ANCO', 1),
('080703', 'HUANCAVELICA', 'CHURCAMPA', 'CHINCHIHUASI', 1),
('080704', 'HUANCAVELICA', 'CHURCAMPA', 'EL CARMEN', 1),
('080705', 'HUANCAVELICA', 'CHURCAMPA', 'LA MERCED', 1),
('080706', 'HUANCAVELICA', 'CHURCAMPA', 'LOCROJA', 1),
('080707', 'HUANCAVELICA', 'CHURCAMPA', 'PAUCARBAMBA', 1),
('080708', 'HUANCAVELICA', 'CHURCAMPA', 'SAN MIGUEL DE MAYOCC', 1),
('080709', 'HUANCAVELICA', 'CHURCAMPA', 'SAN PEDRO DE CORIS', 1),
('080710', 'HUANCAVELICA', 'CHURCAMPA', 'PACHAMARCA', 1),
('080711', 'HUANCAVELICA', 'CHURCAMPA', 'COSME', 1),
('090101', 'HUANUCO', 'HUANUCO', 'HUANUCO', 1),
('090102', 'HUANUCO', 'HUANUCO', 'CHINCHAO', 1),
('090103', 'HUANUCO', 'HUANUCO', 'CHURUBAMBA', 1),
('090104', 'HUANUCO', 'HUANUCO', 'MARGOS', 1),
('090105', 'HUANUCO', 'HUANUCO', 'QUISQUI', 1),
('090106', 'HUANUCO', 'HUANUCO', 'SAN FRANCISCO DE CAYRAN', 1),
('090107', 'HUANUCO', 'HUANUCO', 'SAN PEDRO DE CHAULAN', 1),
('090108', 'HUANUCO', 'HUANUCO', 'SANTA MARIA DEL VALLE', 1),
('090109', 'HUANUCO', 'HUANUCO', 'YARUMAYO', 1),
('090110', 'HUANUCO', 'HUANUCO', 'AMARILIS', 1),
('090111', 'HUANUCO', 'HUANUCO', 'PILLCO MARCA', 1),
('090112', 'HUANUCO', 'HUANUCO', 'YACUS', 1),
('090113', 'HUANUCO', 'HUANUCO', 'SAN PABLO DE PILLAO', 1),
('090201', 'HUANUCO', 'AMBO', 'AMBO', 1),
('090202', 'HUANUCO', 'AMBO', 'CAYNA', 1),
('090203', 'HUANUCO', 'AMBO', 'COLPAS', 1),
('090204', 'HUANUCO', 'AMBO', 'CONCHAMARCA', 1),
('090205', 'HUANUCO', 'AMBO', 'HUACAR', 1),
('090206', 'HUANUCO', 'AMBO', 'SAN FRANCISCO', 1),
('090207', 'HUANUCO', 'AMBO', 'SAN RAFAEL', 1),
('090208', 'HUANUCO', 'AMBO', 'TOMAY KICHWA', 1),
('090301', 'HUANUCO', 'DOS DE MAYO', 'LA UNION', 1),
('090307', 'HUANUCO', 'DOS DE MAYO', 'CHUQUIS', 1),
('090312', 'HUANUCO', 'DOS DE MAYO', 'MARIAS', 1),
('090314', 'HUANUCO', 'DOS DE MAYO', 'PACHAS', 1),
('090316', 'HUANUCO', 'DOS DE MAYO', 'QUIVILLA', 1),
('090317', 'HUANUCO', 'DOS DE MAYO', 'RIPAN', 1),
('090321', 'HUANUCO', 'DOS DE MAYO', 'SHUNQUI', 1),
('090322', 'HUANUCO', 'DOS DE MAYO', 'SILLAPATA', 1),
('090323', 'HUANUCO', 'DOS DE MAYO', 'YANAS', 1),
('090401', 'HUANUCO', 'HUAMALIES', 'LLATA', 1),
('090402', 'HUANUCO', 'HUAMALIES', 'ARANCAY', 1),
('090403', 'HUANUCO', 'HUAMALIES', 'CHAVIN DE PARIARCA', 1),
('090404', 'HUANUCO', 'HUAMALIES', 'JACAS GRANDE', 1),
('090405', 'HUANUCO', 'HUAMALIES', 'JIRCAN', 1),
('090406', 'HUANUCO', 'HUAMALIES', 'MIRAFLORES', 1),
('090407', 'HUANUCO', 'HUAMALIES', 'MONZON', 1),
('090408', 'HUANUCO', 'HUAMALIES', 'PUNCHAO', 1),
('090409', 'HUANUCO', 'HUAMALIES', 'PUÑOS', 1),
('090410', 'HUANUCO', 'HUAMALIES', 'SINGA', 1),
('090411', 'HUANUCO', 'HUAMALIES', 'TANTAMAYO', 1),
('090501', 'HUANUCO', 'MARAÑON', 'HUACRACHUCO', 1),
('090502', 'HUANUCO', 'MARAÑON', 'CHOLON', 1),
('090505', 'HUANUCO', 'MARAÑON', 'SAN BUENAVENTURA', 1),
('090506', 'HUANUCO', 'MARAÑON', 'LA MORADA', 1),
('090507', 'HUANUCO', 'MARAÑON', 'SANTA ROSA DE ALTO YANAJANCA', 1),
('090601', 'HUANUCO', 'LEONCIO PRADO', 'RUPA-RUPA', 1),
('090602', 'HUANUCO', 'LEONCIO PRADO', 'DANIEL ALOMIAS ROBLES', 1),
('090603', 'HUANUCO', 'LEONCIO PRADO', 'HERMILIO VALDIZAN', 1),
('090604', 'HUANUCO', 'LEONCIO PRADO', 'LUYANDO', 1),
('090605', 'HUANUCO', 'LEONCIO PRADO', 'MARIANO DAMASO BERAUN', 1),
('090606', 'HUANUCO', 'LEONCIO PRADO', 'JOSE CRESPO Y CASTILLO', 1),
('090607', 'HUANUCO', 'LEONCIO PRADO', 'PUCAYACU', 1),
('090608', 'HUANUCO', 'LEONCIO PRADO', 'CASTILLO GRANDE', 1),
('090609', 'HUANUCO', 'LEONCIO PRADO', 'PUEBLO NUEVO', 1),
('090610', 'HUANUCO', 'LEONCIO PRADO', 'SANTO DOMINGO DE ANDA', 1),
('090701', 'HUANUCO', 'PACHITEA', 'PANAO', 1),
('090702', 'HUANUCO', 'PACHITEA', 'CHAGLLA', 1),
('090704', 'HUANUCO', 'PACHITEA', 'MOLINO', 1),
('090706', 'HUANUCO', 'PACHITEA', 'UMARI', 1),
('090801', 'HUANUCO', 'PUERTO INCA', 'HONORIA', 1),
('090802', 'HUANUCO', 'PUERTO INCA', 'PUERTO INCA', 1),
('090803', 'HUANUCO', 'PUERTO INCA', 'CODO DEL POZUZO', 1),
('090804', 'HUANUCO', 'PUERTO INCA', 'TOURNAVISTA', 1),
('090805', 'HUANUCO', 'PUERTO INCA', 'YUYAPICHIS', 1),
('090901', 'HUANUCO', 'HUACAYBAMBA', 'HUACAYBAMBA', 1),
('090902', 'HUANUCO', 'HUACAYBAMBA', 'PINRA', 1),
('090903', 'HUANUCO', 'HUACAYBAMBA', 'CANCHABAMBA', 1),
('090904', 'HUANUCO', 'HUACAYBAMBA', 'COCHABAMBA', 1),
('091001', 'HUANUCO', 'LAURICOCHA', 'JESUS', 1),
('091002', 'HUANUCO', 'LAURICOCHA', 'BAÑOS', 1),
('091003', 'HUANUCO', 'LAURICOCHA', 'SAN FRANCISCO DE ASIS', 1),
('091004', 'HUANUCO', 'LAURICOCHA', 'QUEROPALCA', 1),
('091005', 'HUANUCO', 'LAURICOCHA', 'SAN MIGUEL DE CAURI', 1);
INSERT INTO `ubigeo` (`codigo`, `departamento`, `distrito`, `provincia`, `activo`) VALUES
('091006', 'HUANUCO', 'LAURICOCHA', 'RONDOS', 1),
('091007', 'HUANUCO', 'LAURICOCHA', 'JIVIA', 1),
('091101', 'HUANUCO', 'YAROWILCA', 'CHAVINILLO', 1),
('091102', 'HUANUCO', 'YAROWILCA', 'APARICIO POMARES', 1),
('091103', 'HUANUCO', 'YAROWILCA', 'CAHUAC', 1),
('091104', 'HUANUCO', 'YAROWILCA', 'CHACABAMBA', 1),
('091105', 'HUANUCO', 'YAROWILCA', 'JACAS CHICO', 1),
('091106', 'HUANUCO', 'YAROWILCA', 'OBAS', 1),
('091107', 'HUANUCO', 'YAROWILCA', 'PAMPAMARCA', 1),
('091108', 'HUANUCO', 'YAROWILCA', 'CHORAS', 1),
('100101', 'ICA', 'ICA', 'ICA', 1),
('100102', 'ICA', 'ICA', 'LA TINGUIÑA', 1),
('100103', 'ICA', 'ICA', 'LOS AQUIJES', 1),
('100104', 'ICA', 'ICA', 'PARCONA', 1),
('100105', 'ICA', 'ICA', 'PUEBLO NUEVO', 1),
('100106', 'ICA', 'ICA', 'SALAS', 1),
('100107', 'ICA', 'ICA', 'SAN JOSE DE LOS MOLINOS', 1),
('100108', 'ICA', 'ICA', 'SAN JUAN BAUTISTA', 1),
('100109', 'ICA', 'ICA', 'SANTIAGO', 1),
('100110', 'ICA', 'ICA', 'SUBTANJALLA', 1),
('100111', 'ICA', 'ICA', 'YAUCA DEL ROSARIO', 1),
('100112', 'ICA', 'ICA', 'TATE', 1),
('100113', 'ICA', 'ICA', 'PACHACUTEC', 1),
('100114', 'ICA', 'ICA', 'OCUCAJE', 1),
('100201', 'ICA', 'CHINCHA', 'CHINCHA ALTA', 1),
('100202', 'ICA', 'CHINCHA', 'CHAVIN', 1),
('100203', 'ICA', 'CHINCHA', 'CHINCHA BAJA', 1),
('100204', 'ICA', 'CHINCHA', 'EL CARMEN', 1),
('100205', 'ICA', 'CHINCHA', 'GROCIO PRADO', 1),
('100206', 'ICA', 'CHINCHA', 'SAN PEDRO DE HUACARPANA', 1),
('100207', 'ICA', 'CHINCHA', 'SUNAMPE', 1),
('100208', 'ICA', 'CHINCHA', 'TAMBO DE MORA', 1),
('100209', 'ICA', 'CHINCHA', 'ALTO LARAN', 1),
('100210', 'ICA', 'CHINCHA', 'PUEBLO NUEVO', 1),
('100211', 'ICA', 'CHINCHA', 'SAN JUAN DE YANAC', 1),
('100301', 'ICA', 'NAZCA', 'NAZCA', 1),
('100302', 'ICA', 'NAZCA', 'CHANGUILLO', 1),
('100303', 'ICA', 'NAZCA', 'EL INGENIO', 1),
('100304', 'ICA', 'NAZCA', 'MARCONA', 1),
('100305', 'ICA', 'NAZCA', 'VISTA ALEGRE', 1),
('100401', 'ICA', 'PISCO', 'PISCO', 1),
('100402', 'ICA', 'PISCO', 'HUANCANO', 1),
('100403', 'ICA', 'PISCO', 'HUMAY', 1),
('100404', 'ICA', 'PISCO', 'INDEPENDENCIA', 1),
('100405', 'ICA', 'PISCO', 'PARACAS', 1),
('100406', 'ICA', 'PISCO', 'SAN ANDRES', 1),
('100407', 'ICA', 'PISCO', 'SAN CLEMENTE', 1),
('100408', 'ICA', 'PISCO', 'TUPAC AMARU INCA', 1),
('100501', 'ICA', 'PALPA', 'PALPA', 1),
('100502', 'ICA', 'PALPA', 'LLIPATA', 1),
('100503', 'ICA', 'PALPA', 'RIO GRANDE', 1),
('100504', 'ICA', 'PALPA', 'SANTA CRUZ', 1),
('100505', 'ICA', 'PALPA', 'TIBILLO', 1),
('110101', 'JUNIN', 'HUANCAYO', 'HUANCAYO', 1),
('110103', 'JUNIN', 'HUANCAYO', 'CARHUACALLANGA', 1),
('110104', 'JUNIN', 'HUANCAYO', 'COLCA', 1),
('110105', 'JUNIN', 'HUANCAYO', 'CULLHUAS', 1),
('110106', 'JUNIN', 'HUANCAYO', 'CHACAPAMPA', 1),
('110107', 'JUNIN', 'HUANCAYO', 'CHICCHE', 1),
('110108', 'JUNIN', 'HUANCAYO', 'CHILCA', 1),
('110109', 'JUNIN', 'HUANCAYO', 'CHONGOS ALTO', 1),
('110112', 'JUNIN', 'HUANCAYO', 'CHUPURO', 1),
('110113', 'JUNIN', 'HUANCAYO', 'EL TAMBO', 1),
('110114', 'JUNIN', 'HUANCAYO', 'HUACRAPUQUIO', 1),
('110116', 'JUNIN', 'HUANCAYO', 'HUALHUAS', 1),
('110118', 'JUNIN', 'HUANCAYO', 'HUANCAN', 1),
('110119', 'JUNIN', 'HUANCAYO', 'HUASICANCHA', 1),
('110120', 'JUNIN', 'HUANCAYO', 'HUAYUCACHI', 1),
('110121', 'JUNIN', 'HUANCAYO', 'INGENIO', 1),
('110122', 'JUNIN', 'HUANCAYO', 'PARIAHUANCA', 1),
('110123', 'JUNIN', 'HUANCAYO', 'PILCOMAYO', 1),
('110124', 'JUNIN', 'HUANCAYO', 'PUCARA', 1),
('110125', 'JUNIN', 'HUANCAYO', 'QUICHUAY', 1),
('110126', 'JUNIN', 'HUANCAYO', 'QUILCAS', 1),
('110127', 'JUNIN', 'HUANCAYO', 'SAN AGUSTIN', 1),
('110128', 'JUNIN', 'HUANCAYO', 'SAN JERONIMO DE TUNAN', 1),
('110131', 'JUNIN', 'HUANCAYO', 'SANTO DOMINGO DE ACOBAMBA', 1),
('110132', 'JUNIN', 'HUANCAYO', 'SAÑO', 1),
('110133', 'JUNIN', 'HUANCAYO', 'SAPALLANGA', 1),
('110134', 'JUNIN', 'HUANCAYO', 'SICAYA', 1),
('110136', 'JUNIN', 'HUANCAYO', 'VIQUES', 1),
('110201', 'JUNIN', 'CONCEPCION', 'CONCEPCION', 1),
('110202', 'JUNIN', 'CONCEPCION', 'ACO', 1),
('110203', 'JUNIN', 'CONCEPCION', 'ANDAMARCA', 1),
('110204', 'JUNIN', 'CONCEPCION', 'COMAS', 1),
('110205', 'JUNIN', 'CONCEPCION', 'COCHAS', 1),
('110206', 'JUNIN', 'CONCEPCION', 'CHAMBARA', 1),
('110207', 'JUNIN', 'CONCEPCION', 'HEROINAS TOLEDO', 1),
('110208', 'JUNIN', 'CONCEPCION', 'MANZANARES', 1),
('110209', 'JUNIN', 'CONCEPCION', 'MARISCAL CASTILLA', 1),
('110210', 'JUNIN', 'CONCEPCION', 'MATAHUASI', 1),
('110211', 'JUNIN', 'CONCEPCION', 'MITO', 1),
('110212', 'JUNIN', 'CONCEPCION', 'NUEVE DE JULIO', 1),
('110213', 'JUNIN', 'CONCEPCION', 'ORCOTUNA', 1),
('110214', 'JUNIN', 'CONCEPCION', 'SANTA ROSA DE OCOPA', 1),
('110215', 'JUNIN', 'CONCEPCION', 'SAN JOSE DE QUERO', 1),
('110301', 'JUNIN', 'JAUJA', 'JAUJA', 1),
('110302', 'JUNIN', 'JAUJA', 'ACOLLA', 1),
('110303', 'JUNIN', 'JAUJA', 'APATA', 1),
('110304', 'JUNIN', 'JAUJA', 'ATAURA', 1),
('110305', 'JUNIN', 'JAUJA', 'CANCHAYLLO', 1),
('110306', 'JUNIN', 'JAUJA', 'EL MANTARO', 1),
('110307', 'JUNIN', 'JAUJA', 'HUAMALI', 1),
('110308', 'JUNIN', 'JAUJA', 'HUARIPAMPA', 1),
('110309', 'JUNIN', 'JAUJA', 'HUERTAS', 1),
('110310', 'JUNIN', 'JAUJA', 'JANJAILLO', 1),
('110311', 'JUNIN', 'JAUJA', 'JULCAN', 1),
('110312', 'JUNIN', 'JAUJA', 'LEONOR ORDOÑEZ', 1),
('110313', 'JUNIN', 'JAUJA', 'LLOCLLAPAMPA', 1),
('110314', 'JUNIN', 'JAUJA', 'MARCO', 1),
('110315', 'JUNIN', 'JAUJA', 'MASMA', 1),
('110316', 'JUNIN', 'JAUJA', 'MOLINOS', 1),
('110317', 'JUNIN', 'JAUJA', 'MONOBAMBA', 1),
('110318', 'JUNIN', 'JAUJA', 'MUQUI', 1),
('110319', 'JUNIN', 'JAUJA', 'MUQUIYAUYO', 1),
('110320', 'JUNIN', 'JAUJA', 'PACA', 1),
('110321', 'JUNIN', 'JAUJA', 'PACCHA', 1),
('110322', 'JUNIN', 'JAUJA', 'PANCAN', 1),
('110323', 'JUNIN', 'JAUJA', 'PARCO', 1),
('110324', 'JUNIN', 'JAUJA', 'POMACANCHA', 1),
('110325', 'JUNIN', 'JAUJA', 'RICRAN', 1),
('110326', 'JUNIN', 'JAUJA', 'SAN LORENZO', 1),
('110327', 'JUNIN', 'JAUJA', 'SAN PEDRO DE CHUNAN', 1),
('110328', 'JUNIN', 'JAUJA', 'SINCOS', 1),
('110329', 'JUNIN', 'JAUJA', 'TUNAN MARCA', 1),
('110330', 'JUNIN', 'JAUJA', 'YAULI', 1),
('110331', 'JUNIN', 'JAUJA', 'CURICACA', 1),
('110332', 'JUNIN', 'JAUJA', 'MASMA CHICCHE', 1),
('110333', 'JUNIN', 'JAUJA', 'SAUSA', 1),
('110334', 'JUNIN', 'JAUJA', 'YAUYOS', 1),
('110401', 'JUNIN', 'JUNIN', 'JUNIN', 1),
('110402', 'JUNIN', 'JUNIN', 'CARHUAMAYO', 1),
('110403', 'JUNIN', 'JUNIN', 'ONDORES', 1),
('110404', 'JUNIN', 'JUNIN', 'ULCUMAYO', 1),
('110501', 'JUNIN', 'TARMA', 'TARMA', 1),
('110502', 'JUNIN', 'TARMA', 'ACOBAMBA', 1),
('110503', 'JUNIN', 'TARMA', 'HUARICOLCA', 1),
('110504', 'JUNIN', 'TARMA', 'HUASAHUASI', 1),
('110505', 'JUNIN', 'TARMA', 'LA UNION', 1),
('110506', 'JUNIN', 'TARMA', 'PALCA', 1),
('110507', 'JUNIN', 'TARMA', 'PALCAMAYO', 1),
('110508', 'JUNIN', 'TARMA', 'SAN PEDRO DE CAJAS', 1),
('110509', 'JUNIN', 'TARMA', 'TAPO', 1),
('110601', 'JUNIN', 'YAULI', 'LA OROYA', 1),
('110602', 'JUNIN', 'YAULI', 'CHACAPALPA', 1),
('110603', 'JUNIN', 'YAULI', 'HUAY-HUAY', 1),
('110604', 'JUNIN', 'YAULI', 'MARCAPOMACOCHA', 1),
('110605', 'JUNIN', 'YAULI', 'MOROCOCHA', 1),
('110606', 'JUNIN', 'YAULI', 'PACCHA', 1),
('110607', 'JUNIN', 'YAULI', 'SANTA BARBARA DE CARHUACAYAN', 1),
('110608', 'JUNIN', 'YAULI', 'SUITUCANCHA', 1),
('110609', 'JUNIN', 'YAULI', 'YAULI', 1),
('110610', 'JUNIN', 'YAULI', 'SANTA ROSA DE SACCO', 1),
('110701', 'JUNIN', 'SATIPO', 'SATIPO', 1),
('110702', 'JUNIN', 'SATIPO', 'COVIRIALI', 1),
('110703', 'JUNIN', 'SATIPO', 'LLAYLLA', 1),
('110704', 'JUNIN', 'SATIPO', 'MAZAMARI', 1),
('110705', 'JUNIN', 'SATIPO', 'PAMPA HERMOSA', 1),
('110706', 'JUNIN', 'SATIPO', 'PANGOA', 1),
('110707', 'JUNIN', 'SATIPO', 'RIO NEGRO', 1),
('110708', 'JUNIN', 'SATIPO', 'RIO TAMBO', 1),
('110709', 'JUNIN', 'SATIPO', 'VIZCATAN DEL ENE', 1),
('110801', 'JUNIN', 'CHANCHAMAYO', 'CHANCHAMAYO', 1),
('110802', 'JUNIN', 'CHANCHAMAYO', 'SAN RAMON', 1),
('110803', 'JUNIN', 'CHANCHAMAYO', 'VITOC', 1),
('110804', 'JUNIN', 'CHANCHAMAYO', 'SAN LUIS DE SHUARO', 1),
('110805', 'JUNIN', 'CHANCHAMAYO', 'PICHANAQUI', 1),
('110806', 'JUNIN', 'CHANCHAMAYO', 'PERENE', 1),
('110901', 'JUNIN', 'CHUPACA', 'CHUPACA', 1),
('110902', 'JUNIN', 'CHUPACA', 'AHUAC', 1),
('110903', 'JUNIN', 'CHUPACA', 'CHONGOS BAJO', 1),
('110904', 'JUNIN', 'CHUPACA', 'HUACHAC', 1),
('110905', 'JUNIN', 'CHUPACA', 'HUAMANCACA CHICO', 1),
('110906', 'JUNIN', 'CHUPACA', 'SAN JUAN DE YSCOS', 1),
('110907', 'JUNIN', 'CHUPACA', 'SAN JUAN DE JARPA', 1),
('110908', 'JUNIN', 'CHUPACA', 'TRES DE DICIEMBRE', 1),
('110909', 'JUNIN', 'CHUPACA', 'YANACANCHA', 1),
('120101', 'LA LIBERTAD', 'TRUJILLO', 'TRUJILLO', 1),
('120102', 'LA LIBERTAD', 'TRUJILLO', 'HUANCHACO', 1),
('120103', 'LA LIBERTAD', 'TRUJILLO', 'LAREDO', 1),
('120104', 'LA LIBERTAD', 'TRUJILLO', 'MOCHE', 1),
('120105', 'LA LIBERTAD', 'TRUJILLO', 'SALAVERRY', 1),
('120106', 'LA LIBERTAD', 'TRUJILLO', 'SIMBAL', 1),
('120107', 'LA LIBERTAD', 'TRUJILLO', 'VICTOR LARCO HERRERA', 1),
('120109', 'LA LIBERTAD', 'TRUJILLO', 'POROTO', 1),
('120110', 'LA LIBERTAD', 'TRUJILLO', 'EL PORVENIR', 1),
('120111', 'LA LIBERTAD', 'TRUJILLO', 'LA ESPERANZA', 1),
('120112', 'LA LIBERTAD', 'TRUJILLO', 'FLORENCIA DE MORA', 1),
('120201', 'LA LIBERTAD', 'BOLIVAR', 'BOLIVAR', 1),
('120202', 'LA LIBERTAD', 'BOLIVAR', 'BAMBAMARCA', 1),
('120203', 'LA LIBERTAD', 'BOLIVAR', 'CONDORMARCA', 1),
('120204', 'LA LIBERTAD', 'BOLIVAR', 'LONGOTEA', 1),
('120205', 'LA LIBERTAD', 'BOLIVAR', 'UCUNCHA', 1),
('120206', 'LA LIBERTAD', 'BOLIVAR', 'UCHUMARCA', 1),
('120301', 'LA LIBERTAD', 'SANCHEZ CARRION', 'HUAMACHUCO', 1),
('120302', 'LA LIBERTAD', 'SANCHEZ CARRION', 'COCHORCO', 1),
('120303', 'LA LIBERTAD', 'SANCHEZ CARRION', 'CURGOS', 1),
('120304', 'LA LIBERTAD', 'SANCHEZ CARRION', 'CHUGAY', 1),
('120305', 'LA LIBERTAD', 'SANCHEZ CARRION', 'MARCABAL', 1),
('120306', 'LA LIBERTAD', 'SANCHEZ CARRION', 'SANAGORAN', 1),
('120307', 'LA LIBERTAD', 'SANCHEZ CARRION', 'SARIN', 1),
('120308', 'LA LIBERTAD', 'SANCHEZ CARRION', 'SARTIMBAMBA', 1),
('120401', 'LA LIBERTAD', 'OTUZCO', 'OTUZCO', 1),
('120402', 'LA LIBERTAD', 'OTUZCO', 'AGALLPAMPA', 1),
('120403', 'LA LIBERTAD', 'OTUZCO', 'CHARAT', 1),
('120404', 'LA LIBERTAD', 'OTUZCO', 'HUARANCHAL', 1),
('120405', 'LA LIBERTAD', 'OTUZCO', 'LA CUESTA', 1),
('120408', 'LA LIBERTAD', 'OTUZCO', 'PARANDAY', 1),
('120409', 'LA LIBERTAD', 'OTUZCO', 'SALPO', 1),
('120410', 'LA LIBERTAD', 'OTUZCO', 'SINSICAP', 1),
('120411', 'LA LIBERTAD', 'OTUZCO', 'USQUIL', 1),
('120413', 'LA LIBERTAD', 'OTUZCO', 'MACHE', 1),
('120501', 'LA LIBERTAD', 'PACASMAYO', 'SAN PEDRO DE LLOC', 1),
('120503', 'LA LIBERTAD', 'PACASMAYO', 'GUADALUPE', 1),
('120504', 'LA LIBERTAD', 'PACASMAYO', 'JEQUETEPEQUE', 1),
('120506', 'LA LIBERTAD', 'PACASMAYO', 'PACASMAYO', 1),
('120508', 'LA LIBERTAD', 'PACASMAYO', 'SAN JOSE', 1),
('120601', 'LA LIBERTAD', 'PATAZ', 'TAYABAMBA', 1),
('120602', 'LA LIBERTAD', 'PATAZ', 'BULDIBUYO', 1),
('120603', 'LA LIBERTAD', 'PATAZ', 'CHILLIA', 1),
('120604', 'LA LIBERTAD', 'PATAZ', 'HUAYLILLAS', 1),
('120605', 'LA LIBERTAD', 'PATAZ', 'HUANCASPATA', 1),
('120606', 'LA LIBERTAD', 'PATAZ', 'HUAYO', 1),
('120607', 'LA LIBERTAD', 'PATAZ', 'ONGON', 1),
('120608', 'LA LIBERTAD', 'PATAZ', 'PARCOY', 1),
('120609', 'LA LIBERTAD', 'PATAZ', 'PATAZ', 1),
('120610', 'LA LIBERTAD', 'PATAZ', 'PIAS', 1),
('120611', 'LA LIBERTAD', 'PATAZ', 'TAURIJA', 1),
('120612', 'LA LIBERTAD', 'PATAZ', 'URPAY', 1),
('120613', 'LA LIBERTAD', 'PATAZ', 'SANTIAGO DE CHALLAS', 1),
('120701', 'LA LIBERTAD', 'SANTIAGO DE CHUCO', 'SANTIAGO DE CHUCO', 1),
('120702', 'LA LIBERTAD', 'SANTIAGO DE CHUCO', 'CACHICADAN', 1),
('120703', 'LA LIBERTAD', 'SANTIAGO DE CHUCO', 'MOLLEBAMBA', 1),
('120704', 'LA LIBERTAD', 'SANTIAGO DE CHUCO', 'MOLLEPATA', 1),
('120705', 'LA LIBERTAD', 'SANTIAGO DE CHUCO', 'QUIRUVILCA', 1),
('120706', 'LA LIBERTAD', 'SANTIAGO DE CHUCO', 'SANTA CRUZ DE CHUCA', 1),
('120707', 'LA LIBERTAD', 'SANTIAGO DE CHUCO', 'SITABAMBA', 1),
('120708', 'LA LIBERTAD', 'SANTIAGO DE CHUCO', 'ANGASMARCA', 1),
('120801', 'LA LIBERTAD', 'ASCOPE', 'ASCOPE', 1),
('120802', 'LA LIBERTAD', 'ASCOPE', 'CHICAMA', 1),
('120803', 'LA LIBERTAD', 'ASCOPE', 'CHOCOPE', 1),
('120804', 'LA LIBERTAD', 'ASCOPE', 'SANTIAGO DE CAO', 1),
('120805', 'LA LIBERTAD', 'ASCOPE', 'MAGDALENA DE CAO', 1),
('120806', 'LA LIBERTAD', 'ASCOPE', 'PAIJAN', 1),
('120807', 'LA LIBERTAD', 'ASCOPE', 'RAZURI', 1),
('120808', 'LA LIBERTAD', 'ASCOPE', 'CASA GRANDE', 1),
('120901', 'LA LIBERTAD', 'CHEPEN', 'CHEPEN', 1),
('120902', 'LA LIBERTAD', 'CHEPEN', 'PACANGA', 1),
('120903', 'LA LIBERTAD', 'CHEPEN', 'PUEBLO NUEVO', 1),
('121001', 'LA LIBERTAD', 'JULCAN', 'JULCAN', 1),
('121002', 'LA LIBERTAD', 'JULCAN', 'CARABAMBA', 1),
('121003', 'LA LIBERTAD', 'JULCAN', 'CALAMARCA', 1),
('121004', 'LA LIBERTAD', 'JULCAN', 'HUASO', 1),
('121101', 'LA LIBERTAD', 'GRAN CHIMU', 'CASCAS', 1),
('121102', 'LA LIBERTAD', 'GRAN CHIMU', 'LUCMA', 1),
('121103', 'LA LIBERTAD', 'GRAN CHIMU', 'MARMOT', 1),
('121104', 'LA LIBERTAD', 'GRAN CHIMU', 'SAYAPULLO', 1),
('121201', 'LA LIBERTAD', 'VIRU', 'VIRU', 1),
('121202', 'LA LIBERTAD', 'VIRU', 'CHAO', 1),
('121203', 'LA LIBERTAD', 'VIRU', 'GUADALUPITO', 1),
('130101', 'LAMBAYEQUE', 'CHICLAYO', 'CHICLAYO', 1),
('130102', 'LAMBAYEQUE', 'CHICLAYO', 'CHONGOYAPE', 1),
('130103', 'LAMBAYEQUE', 'CHICLAYO', 'ETEN', 1),
('130104', 'LAMBAYEQUE', 'CHICLAYO', 'ETEN PUERTO', 1),
('130105', 'LAMBAYEQUE', 'CHICLAYO', 'LAGUNAS', 1),
('130106', 'LAMBAYEQUE', 'CHICLAYO', 'MONSEFU', 1),
('130107', 'LAMBAYEQUE', 'CHICLAYO', 'NUEVA ARICA', 1),
('130108', 'LAMBAYEQUE', 'CHICLAYO', 'OYOTUN', 1),
('130109', 'LAMBAYEQUE', 'CHICLAYO', 'PICSI', 1),
('130110', 'LAMBAYEQUE', 'CHICLAYO', 'PIMENTEL', 1),
('130111', 'LAMBAYEQUE', 'CHICLAYO', 'REQUE', 1),
('130112', 'LAMBAYEQUE', 'CHICLAYO', 'JOSE LEONARDO ORTIZ', 1),
('130113', 'LAMBAYEQUE', 'CHICLAYO', 'SANTA ROSA', 1),
('130114', 'LAMBAYEQUE', 'CHICLAYO', 'SAÑA', 1),
('130115', 'LAMBAYEQUE', 'CHICLAYO', 'LA VICTORIA', 1),
('130116', 'LAMBAYEQUE', 'CHICLAYO', 'CAYALTI', 1),
('130117', 'LAMBAYEQUE', 'CHICLAYO', 'PATAPO', 1),
('130118', 'LAMBAYEQUE', 'CHICLAYO', 'POMALCA', 1),
('130119', 'LAMBAYEQUE', 'CHICLAYO', 'PUCALA', 1),
('130120', 'LAMBAYEQUE', 'CHICLAYO', 'TUMAN', 1),
('130201', 'LAMBAYEQUE', 'FERREÑAFE', 'FERREÑAFE', 1),
('130202', 'LAMBAYEQUE', 'FERREÑAFE', 'INCAHUASI', 1),
('130203', 'LAMBAYEQUE', 'FERREÑAFE', 'CAÑARIS', 1),
('130204', 'LAMBAYEQUE', 'FERREÑAFE', 'PITIPO', 1),
('130205', 'LAMBAYEQUE', 'FERREÑAFE', 'PUEBLO NUEVO', 1),
('130206', 'LAMBAYEQUE', 'FERREÑAFE', 'MANUEL ANTONIO MESONES MURO', 1),
('130301', 'LAMBAYEQUE', 'LAMBAYEQUE', 'LAMBAYEQUE', 1),
('130302', 'LAMBAYEQUE', 'LAMBAYEQUE', 'CHOCHOPE', 1),
('130303', 'LAMBAYEQUE', 'LAMBAYEQUE', 'ILLIMO', 1),
('130304', 'LAMBAYEQUE', 'LAMBAYEQUE', 'JAYANCA', 1),
('130305', 'LAMBAYEQUE', 'LAMBAYEQUE', 'MOCHUMI', 1),
('130306', 'LAMBAYEQUE', 'LAMBAYEQUE', 'MORROPE', 1),
('130307', 'LAMBAYEQUE', 'LAMBAYEQUE', 'MOTUPE', 1),
('130308', 'LAMBAYEQUE', 'LAMBAYEQUE', 'OLMOS', 1),
('130309', 'LAMBAYEQUE', 'LAMBAYEQUE', 'PACORA', 1),
('130310', 'LAMBAYEQUE', 'LAMBAYEQUE', 'SALAS', 1),
('130311', 'LAMBAYEQUE', 'LAMBAYEQUE', 'SAN JOSE', 1),
('130312', 'LAMBAYEQUE', 'LAMBAYEQUE', 'TUCUME', 1),
('140101', 'LIMA', 'LIMA', 'LIMA', 1),
('140102', 'LIMA', 'LIMA', 'ANCON', 1),
('140103', 'LIMA', 'LIMA', 'ATE', 1),
('140104', 'LIMA', 'LIMA', 'BREÑA', 1),
('140105', 'LIMA', 'LIMA', 'CARABAYLLO', 1),
('140106', 'LIMA', 'LIMA', 'COMAS', 1),
('140107', 'LIMA', 'LIMA', 'CHACLACAYO', 1),
('140108', 'LIMA', 'LIMA', 'CHORRILLOS', 1),
('140109', 'LIMA', 'LIMA', 'LA VICTORIA', 1),
('140110', 'LIMA', 'LIMA', 'LA MOLINA', 1),
('140111', 'LIMA', 'LIMA', 'LINCE', 1),
('140112', 'LIMA', 'LIMA', 'LURIGANCHO', 1),
('140113', 'LIMA', 'LIMA', 'LURIN', 1),
('140114', 'LIMA', 'LIMA', 'MAGDALENA DEL MAR', 1),
('140115', 'LIMA', 'LIMA', 'MIRAFLORES', 1),
('140116', 'LIMA', 'LIMA', 'PACHACAMAC', 1),
('140117', 'LIMA', 'LIMA', 'PUEBLO LIBRE', 1),
('140118', 'LIMA', 'LIMA', 'PUCUSANA', 1),
('140119', 'LIMA', 'LIMA', 'PUENTE PIEDRA', 1),
('140120', 'LIMA', 'LIMA', 'PUNTA HERMOSA', 1),
('140121', 'LIMA', 'LIMA', 'PUNTA NEGRA', 1),
('140122', 'LIMA', 'LIMA', 'RIMAC', 1),
('140123', 'LIMA', 'LIMA', 'SAN BARTOLO', 1),
('140124', 'LIMA', 'LIMA', 'SAN ISIDRO', 1),
('140125', 'LIMA', 'LIMA', 'BARRANCO', 1),
('140126', 'LIMA', 'LIMA', 'SAN MARTIN DE PORRES', 1),
('140127', 'LIMA', 'LIMA', 'SAN MIGUEL', 1),
('140128', 'LIMA', 'LIMA', 'SANTA MARIA DEL MAR', 1),
('140129', 'LIMA', 'LIMA', 'SANTA ROSA', 1),
('140130', 'LIMA', 'LIMA', 'SANTIAGO DE SURCO', 1),
('140131', 'LIMA', 'LIMA', 'SURQUILLO', 1),
('140132', 'LIMA', 'LIMA', 'VILLA MARIA DEL TRIUNFO', 1),
('140133', 'LIMA', 'LIMA', 'JESUS MARIA', 1),
('140134', 'LIMA', 'LIMA', 'INDEPENDENCIA', 1),
('140135', 'LIMA', 'LIMA', 'EL AGUSTINO', 1),
('140136', 'LIMA', 'LIMA', 'SAN JUAN DE MIRAFLORES', 1),
('140137', 'LIMA', 'LIMA', 'SAN JUAN DE LURIGANCHO', 1),
('140138', 'LIMA', 'LIMA', 'SAN LUIS', 1),
('140139', 'LIMA', 'LIMA', 'CIENEGUILLA', 1),
('140140', 'LIMA', 'LIMA', 'SAN BORJA', 1),
('140141', 'LIMA', 'LIMA', 'VILLA EL SALVADOR', 1),
('140142', 'LIMA', 'LIMA', 'LOS OLIVOS', 1),
('140143', 'LIMA', 'LIMA', 'SANTA ANITA', 1),
('140201', 'LIMA', 'CAJATAMBO', 'CAJATAMBO', 1),
('140205', 'LIMA', 'CAJATAMBO', 'COPA', 1),
('140206', 'LIMA', 'CAJATAMBO', 'GORGOR', 1),
('140207', 'LIMA', 'CAJATAMBO', 'HUANCAPON', 1),
('140208', 'LIMA', 'CAJATAMBO', 'MANAS', 1),
('140301', 'LIMA', 'CANTA', 'CANTA', 1),
('140302', 'LIMA', 'CANTA', 'ARAHUAY', 1),
('140303', 'LIMA', 'CANTA', 'HUAMANTANGA', 1),
('140304', 'LIMA', 'CANTA', 'HUAROS', 1),
('140305', 'LIMA', 'CANTA', 'LACHAQUI', 1),
('140306', 'LIMA', 'CANTA', 'SAN BUENAVENTURA', 1),
('140307', 'LIMA', 'CANTA', 'SANTA ROSA DE QUIVES', 1),
('140401', 'LIMA', 'CAÑETE', 'SAN VICENTE DE CAÑETE', 1),
('140402', 'LIMA', 'CAÑETE', 'CALANGO', 1),
('140403', 'LIMA', 'CAÑETE', 'CERRO AZUL', 1),
('140404', 'LIMA', 'CAÑETE', 'COAYLLO', 1),
('140405', 'LIMA', 'CAÑETE', 'CHILCA', 1),
('140406', 'LIMA', 'CAÑETE', 'IMPERIAL', 1),
('140407', 'LIMA', 'CAÑETE', 'LUNAHUANA', 1),
('140408', 'LIMA', 'CAÑETE', 'MALA', 1),
('140409', 'LIMA', 'CAÑETE', 'NUEVO IMPERIAL', 1),
('140410', 'LIMA', 'CAÑETE', 'PACARAN', 1),
('140411', 'LIMA', 'CAÑETE', 'QUILMANA', 1),
('140412', 'LIMA', 'CAÑETE', 'SAN ANTONIO', 1),
('140413', 'LIMA', 'CAÑETE', 'SAN LUIS', 1),
('140414', 'LIMA', 'CAÑETE', 'SANTA CRUZ DE FLORES', 1),
('140415', 'LIMA', 'CAÑETE', 'ZUÑIGA', 1),
('140416', 'LIMA', 'CAÑETE', 'ASIA', 1),
('140501', 'LIMA', 'HUAURA', 'HUACHO', 1),
('140502', 'LIMA', 'HUAURA', 'AMBAR', 1),
('140504', 'LIMA', 'HUAURA', 'CALETA DE CARQUIN', 1),
('140505', 'LIMA', 'HUAURA', 'CHECRAS', 1),
('140506', 'LIMA', 'HUAURA', 'HUALMAY', 1),
('140507', 'LIMA', 'HUAURA', 'HUAURA', 1),
('140508', 'LIMA', 'HUAURA', 'LEONCIO PRADO', 1),
('140509', 'LIMA', 'HUAURA', 'PACCHO', 1),
('140511', 'LIMA', 'HUAURA', 'SANTA LEONOR', 1),
('140512', 'LIMA', 'HUAURA', 'SANTA MARIA', 1),
('140513', 'LIMA', 'HUAURA', 'SAYAN', 1),
('140516', 'LIMA', 'HUAURA', 'VEGUETA', 1),
('140601', 'LIMA', 'HUAROCHIRI', 'MATUCANA', 1),
('140602', 'LIMA', 'HUAROCHIRI', 'ANTIOQUIA', 1),
('140603', 'LIMA', 'HUAROCHIRI', 'CALLAHUANCA', 1),
('140604', 'LIMA', 'HUAROCHIRI', 'CARAMPOMA', 1),
('140605', 'LIMA', 'HUAROCHIRI', 'SAN PEDRO DE CASTA', 1),
('140606', 'LIMA', 'HUAROCHIRI', 'CUENCA', 1),
('140607', 'LIMA', 'HUAROCHIRI', 'CHICLA', 1),
('140608', 'LIMA', 'HUAROCHIRI', 'HUANZA', 1),
('140609', 'LIMA', 'HUAROCHIRI', 'HUAROCHIRI', 1),
('140610', 'LIMA', 'HUAROCHIRI', 'LAHUAYTAMBO', 1),
('140611', 'LIMA', 'HUAROCHIRI', 'LANGA', 1),
('140612', 'LIMA', 'HUAROCHIRI', 'MARIATANA', 1),
('140613', 'LIMA', 'HUAROCHIRI', 'RICARDO PALMA', 1),
('140614', 'LIMA', 'HUAROCHIRI', 'SAN ANDRES DE TUPICOCHA', 1),
('140615', 'LIMA', 'HUAROCHIRI', 'SAN ANTONIO', 1),
('140616', 'LIMA', 'HUAROCHIRI', 'SAN BARTOLOME', 1),
('140617', 'LIMA', 'HUAROCHIRI', 'SAN DAMIAN', 1),
('140618', 'LIMA', 'HUAROCHIRI', 'SANGALLAYA', 1),
('140619', 'LIMA', 'HUAROCHIRI', 'SAN JUAN DE TANTARANCHE', 1),
('140620', 'LIMA', 'HUAROCHIRI', 'SAN LORENZO DE QUINTI', 1),
('140621', 'LIMA', 'HUAROCHIRI', 'SAN MATEO', 1),
('140622', 'LIMA', 'HUAROCHIRI', 'SAN MATEO DE OTAO', 1),
('140623', 'LIMA', 'HUAROCHIRI', 'SAN PEDRO DE HUANCAYRE', 1),
('140624', 'LIMA', 'HUAROCHIRI', 'SANTA CRUZ DE COCACHACRA', 1),
('140625', 'LIMA', 'HUAROCHIRI', 'SANTA EULALIA', 1),
('140626', 'LIMA', 'HUAROCHIRI', 'SANTIAGO DE ANCHUCAYA', 1),
('140627', 'LIMA', 'HUAROCHIRI', 'SANTIAGO DE TUNA', 1),
('140628', 'LIMA', 'HUAROCHIRI', 'SANTO DOMINGO DE LOS OLLEROS', 1),
('140629', 'LIMA', 'HUAROCHIRI', 'SURCO', 1),
('140630', 'LIMA', 'HUAROCHIRI', 'HUACHUPAMPA', 1),
('140631', 'LIMA', 'HUAROCHIRI', 'LARAOS', 1),
('140632', 'LIMA', 'HUAROCHIRI', 'SAN JUAN DE IRIS', 1),
('140701', 'LIMA', 'YAUYOS', 'YAUYOS', 1),
('140702', 'LIMA', 'YAUYOS', 'ALIS', 1),
('140703', 'LIMA', 'YAUYOS', 'AYAUCA', 1),
('140704', 'LIMA', 'YAUYOS', 'AYAVIRI', 1),
('140705', 'LIMA', 'YAUYOS', 'AZANGARO', 1),
('140706', 'LIMA', 'YAUYOS', 'CACRA', 1),
('140707', 'LIMA', 'YAUYOS', 'CARANIA', 1),
('140708', 'LIMA', 'YAUYOS', 'COCHAS', 1),
('140709', 'LIMA', 'YAUYOS', 'COLONIA', 1),
('140710', 'LIMA', 'YAUYOS', 'CHOCOS', 1),
('140711', 'LIMA', 'YAUYOS', 'HUAMPARA', 1),
('140712', 'LIMA', 'YAUYOS', 'HUANCAYA', 1),
('140713', 'LIMA', 'YAUYOS', 'HUANGASCAR', 1),
('140714', 'LIMA', 'YAUYOS', 'HUANTAN', 1),
('140715', 'LIMA', 'YAUYOS', 'HUAÑEC', 1),
('140716', 'LIMA', 'YAUYOS', 'LARAOS', 1),
('140717', 'LIMA', 'YAUYOS', 'LINCHA', 1),
('140718', 'LIMA', 'YAUYOS', 'MIRAFLORES', 1),
('140719', 'LIMA', 'YAUYOS', 'OMAS', 1),
('140720', 'LIMA', 'YAUYOS', 'QUINCHES', 1),
('140721', 'LIMA', 'YAUYOS', 'QUINOCAY', 1),
('140722', 'LIMA', 'YAUYOS', 'SAN JOAQUIN', 1),
('140723', 'LIMA', 'YAUYOS', 'SAN PEDRO DE PILAS', 1),
('140724', 'LIMA', 'YAUYOS', 'TANTA', 1),
('140725', 'LIMA', 'YAUYOS', 'TAURIPAMPA', 1),
('140726', 'LIMA', 'YAUYOS', 'TUPE', 1),
('140727', 'LIMA', 'YAUYOS', 'TOMAS', 1),
('140728', 'LIMA', 'YAUYOS', 'VIÑAC', 1),
('140729', 'LIMA', 'YAUYOS', 'VITIS', 1),
('140730', 'LIMA', 'YAUYOS', 'HONGOS', 1),
('140731', 'LIMA', 'YAUYOS', 'MADEAN', 1),
('140732', 'LIMA', 'YAUYOS', 'PUTINZA', 1),
('140733', 'LIMA', 'YAUYOS', 'CATAHUASI', 1),
('140801', 'LIMA', 'HUARAL', 'HUARAL', 1),
('140802', 'LIMA', 'HUARAL', 'ATAVILLOS ALTO', 1),
('140803', 'LIMA', 'HUARAL', 'ATAVILLOS BAJO', 1),
('140804', 'LIMA', 'HUARAL', 'AUCALLAMA', 1),
('140805', 'LIMA', 'HUARAL', 'CHANCAY', 1),
('140806', 'LIMA', 'HUARAL', 'IHUARI', 1),
('140807', 'LIMA', 'HUARAL', 'LAMPIAN', 1),
('140808', 'LIMA', 'HUARAL', 'PACARAOS', 1),
('140809', 'LIMA', 'HUARAL', 'SAN MIGUEL DE ACOS', 1),
('140810', 'LIMA', 'HUARAL', 'VEINTISIETE DE NOVIEMBRE', 1),
('140811', 'LIMA', 'HUARAL', 'SANTA CRUZ DE ANDAMARCA', 1),
('140812', 'LIMA', 'HUARAL', 'SUMBILCA', 1),
('140901', 'LIMA', 'BARRANCA', 'BARRANCA', 1),
('140902', 'LIMA', 'BARRANCA', 'PARAMONGA', 1),
('140903', 'LIMA', 'BARRANCA', 'PATIVILCA', 1),
('140904', 'LIMA', 'BARRANCA', 'SUPE', 1),
('140905', 'LIMA', 'BARRANCA', 'SUPE PUERTO', 1),
('141001', 'LIMA', 'OYON', 'OYON', 1),
('141002', 'LIMA', 'OYON', 'NAVAN', 1),
('141003', 'LIMA', 'OYON', 'CAUJUL', 1),
('141004', 'LIMA', 'OYON', 'ANDAJES', 1),
('141005', 'LIMA', 'OYON', 'PACHANGARA', 1),
('141006', 'LIMA', 'OYON', 'COCHAMARCA', 1),
('150101', 'LORETO', 'MAYNAS', 'IQUITOS', 1),
('150102', 'LORETO', 'MAYNAS', 'ALTO NANAY', 1),
('150103', 'LORETO', 'MAYNAS', 'FERNANDO LORES', 1),
('150104', 'LORETO', 'MAYNAS', 'LAS AMAZONAS', 1),
('150105', 'LORETO', 'MAYNAS', 'MAZAN', 1),
('150106', 'LORETO', 'MAYNAS', 'NAPO', 1),
('150107', 'LORETO', 'MAYNAS', 'PUTUMAYO', 1),
('150108', 'LORETO', 'MAYNAS', 'TORRES CAUSANA', 1),
('150110', 'LORETO', 'MAYNAS', 'INDIANA', 1),
('150111', 'LORETO', 'MAYNAS', 'PUNCHANA', 1),
('150112', 'LORETO', 'MAYNAS', 'BELEN', 1),
('150113', 'LORETO', 'MAYNAS', 'SAN JUAN BAUTISTA', 1),
('150114', 'LORETO', 'MAYNAS', 'TENIENTE MANUEL CLAVERO', 1),
('150201', 'LORETO', 'ALTO AMAZONAS', 'YURIMAGUAS', 1),
('150202', 'LORETO', 'ALTO AMAZONAS', 'BALSAPUERTO', 1),
('150205', 'LORETO', 'ALTO AMAZONAS', 'JEBEROS', 1),
('150206', 'LORETO', 'ALTO AMAZONAS', 'LAGUNAS', 1),
('150210', 'LORETO', 'ALTO AMAZONAS', 'SANTA CRUZ', 1),
('150211', 'LORETO', 'ALTO AMAZONAS', 'TENIENTE CESAR LOPEZ ROJAS', 1),
('150301', 'LORETO', 'LORETO', 'NAUTA', 1),
('150302', 'LORETO', 'LORETO', 'PARINARI', 1),
('150303', 'LORETO', 'LORETO', 'TIGRE', 1),
('150304', 'LORETO', 'LORETO', 'URARINAS', 1),
('150305', 'LORETO', 'LORETO', 'TROMPETEROS', 1),
('150401', 'LORETO', 'REQUENA', 'REQUENA', 1),
('150402', 'LORETO', 'REQUENA', 'ALTO TAPICHE', 1),
('150403', 'LORETO', 'REQUENA', 'CAPELO', 1),
('150404', 'LORETO', 'REQUENA', 'EMILIO SAN MARTIN', 1),
('150405', 'LORETO', 'REQUENA', 'MAQUIA', 1),
('150406', 'LORETO', 'REQUENA', 'PUINAHUA', 1),
('150407', 'LORETO', 'REQUENA', 'SAQUENA', 1),
('150408', 'LORETO', 'REQUENA', 'SOPLIN', 1),
('150409', 'LORETO', 'REQUENA', 'TAPICHE', 1),
('150410', 'LORETO', 'REQUENA', 'JENARO HERRERA', 1),
('150411', 'LORETO', 'REQUENA', 'YAQUERANA', 1),
('150501', 'LORETO', 'UCAYALI', 'CONTAMANA', 1),
('150502', 'LORETO', 'UCAYALI', 'VARGAS GUERRA', 1),
('150503', 'LORETO', 'UCAYALI', 'PADRE MARQUEZ', 1),
('150504', 'LORETO', 'UCAYALI', 'PAMPA HERMOSA', 1),
('150505', 'LORETO', 'UCAYALI', 'SARAYACU', 1),
('150506', 'LORETO', 'UCAYALI', 'INAHUAYA', 1),
('150601', 'LORETO', 'MARISCAL RAMON CASTILLA', 'RAMON CASTILLA', 1),
('150602', 'LORETO', 'MARISCAL RAMON CASTILLA', 'PEBAS', 1),
('150603', 'LORETO', 'MARISCAL RAMON CASTILLA', 'YAVARI', 1),
('150604', 'LORETO', 'MARISCAL RAMON CASTILLA', 'SAN PABLO', 1),
('150701', 'LORETO', 'DATEM DEL MARAÑON', 'BARRANCA', 1),
('150702', 'LORETO', 'DATEM DEL MARAÑON', 'ANDOAS', 1),
('150703', 'LORETO', 'DATEM DEL MARAÑON', 'CAHUAPANAS', 1),
('150704', 'LORETO', 'DATEM DEL MARAÑON', 'MANSERICHE', 1),
('150705', 'LORETO', 'DATEM DEL MARAÑON', 'MORONA', 1),
('150706', 'LORETO', 'DATEM DEL MARAÑON', 'PASTAZA', 1),
('150901', 'LORETO', 'PUTUMAYO', 'PUTUMAYO', 1),
('150902', 'LORETO', 'PUTUMAYO', 'ROSA PANDURO', 1),
('150903', 'LORETO', 'PUTUMAYO', 'TENIENTE MANUEL CLAVERO', 1),
('150904', 'LORETO', 'PUTUMAYO', 'YAGUAS', 1),
('160101', 'MADRE DE DIOS', 'TAMBOPATA', 'TAMBOPATA', 1),
('160102', 'MADRE DE DIOS', 'TAMBOPATA', 'INAMBARI', 1),
('160103', 'MADRE DE DIOS', 'TAMBOPATA', 'LAS PIEDRAS', 1),
('160104', 'MADRE DE DIOS', 'TAMBOPATA', 'LABERINTO', 1),
('160201', 'MADRE DE DIOS', 'MANU', 'MANU', 1),
('160202', 'MADRE DE DIOS', 'MANU', 'FITZCARRALD', 1),
('160203', 'MADRE DE DIOS', 'MANU', 'MADRE DE DIOS', 1),
('160204', 'MADRE DE DIOS', 'MANU', 'HUEPETUHE', 1),
('160301', 'MADRE DE DIOS', 'TAHUAMANU', 'IÑAPARI', 1),
('160302', 'MADRE DE DIOS', 'TAHUAMANU', 'IBERIA', 1),
('160303', 'MADRE DE DIOS', 'TAHUAMANU', 'TAHUAMANU', 1),
('170101', 'MOQUEGUA', 'MARISCAL NIETO', 'MOQUEGUA', 1),
('170102', 'MOQUEGUA', 'MARISCAL NIETO', 'CARUMAS', 1),
('170103', 'MOQUEGUA', 'MARISCAL NIETO', 'CUCHUMBAYA', 1),
('170104', 'MOQUEGUA', 'MARISCAL NIETO', 'SAN CRISTOBAL', 1),
('170105', 'MOQUEGUA', 'MARISCAL NIETO', 'TORATA', 1),
('170106', 'MOQUEGUA', 'MARISCAL NIETO', 'SAMEGUA', 1),
('170107', 'MOQUEGUA', 'MARISCAL NIETO', 'SAN ANTONIO', 1),
('170201', 'MOQUEGUA', 'GENERAL SANCHEZ CERRO', 'OMATE', 1),
('170202', 'MOQUEGUA', 'GENERAL SANCHEZ CERRO', 'COALAQUE', 1),
('170203', 'MOQUEGUA', 'GENERAL SANCHEZ CERRO', 'CHOJATA', 1),
('170204', 'MOQUEGUA', 'GENERAL SANCHEZ CERRO', 'ICHUÑA', 1),
('170205', 'MOQUEGUA', 'GENERAL SANCHEZ CERRO', 'LA CAPILLA', 1),
('170206', 'MOQUEGUA', 'GENERAL SANCHEZ CERRO', 'LLOQUE', 1),
('170207', 'MOQUEGUA', 'GENERAL SANCHEZ CERRO', 'MATALAQUE', 1),
('170208', 'MOQUEGUA', 'GENERAL SANCHEZ CERRO', 'PUQUINA', 1),
('170209', 'MOQUEGUA', 'GENERAL SANCHEZ CERRO', 'QUINISTAQUILLAS', 1),
('170210', 'MOQUEGUA', 'GENERAL SANCHEZ CERRO', 'UBINAS', 1),
('170211', 'MOQUEGUA', 'GENERAL SANCHEZ CERRO', 'YUNGA', 1),
('170301', 'MOQUEGUA', 'ILO', 'ILO', 1),
('170302', 'MOQUEGUA', 'ILO', 'EL ALGARROBAL', 1),
('170303', 'MOQUEGUA', 'ILO', 'PACOCHA', 1),
('180101', 'PASCO', 'PASCO', 'CHAUPIMARCA', 1),
('180103', 'PASCO', 'PASCO', 'HUACHON', 1),
('180104', 'PASCO', 'PASCO', 'HUARIACA', 1),
('180105', 'PASCO', 'PASCO', 'HUAYLLAY', 1),
('180106', 'PASCO', 'PASCO', 'NINACACA', 1),
('180107', 'PASCO', 'PASCO', 'PALLANCHACRA', 1),
('180108', 'PASCO', 'PASCO', 'PAUCARTAMBO', 1),
('180109', 'PASCO', 'PASCO', 'SAN FRANCISCO DE ASIS DE YARUSYACAN', 1),
('180110', 'PASCO', 'PASCO', 'SIMON BOLIVAR', 1),
('180111', 'PASCO', 'PASCO', 'TICLACAYAN', 1),
('180112', 'PASCO', 'PASCO', 'TINYAHUARCO', 1),
('180113', 'PASCO', 'PASCO', 'VICCO', 1),
('180114', 'PASCO', 'PASCO', 'YANACANCHA', 1),
('180201', 'PASCO', 'DANIEL ALCIDES CARRION', 'YANAHUANCA', 1),
('180202', 'PASCO', 'DANIEL ALCIDES CARRION', 'CHACAYAN', 1),
('180203', 'PASCO', 'DANIEL ALCIDES CARRION', 'GOYLLARISQUIZGA', 1),
('180204', 'PASCO', 'DANIEL ALCIDES CARRION', 'PAUCAR', 1),
('180205', 'PASCO', 'DANIEL ALCIDES CARRION', 'SAN PEDRO DE PILLAO', 1),
('180206', 'PASCO', 'DANIEL ALCIDES CARRION', 'SANTA ANA DE TUSI', 1),
('180207', 'PASCO', 'DANIEL ALCIDES CARRION', 'TAPUC', 1),
('180208', 'PASCO', 'DANIEL ALCIDES CARRION', 'VILCABAMBA', 1),
('180301', 'PASCO', 'OXAPAMPA', 'OXAPAMPA', 1),
('180302', 'PASCO', 'OXAPAMPA', 'CHONTABAMBA', 1),
('180303', 'PASCO', 'OXAPAMPA', 'HUANCABAMBA', 1),
('180304', 'PASCO', 'OXAPAMPA', 'PUERTO BERMUDEZ', 1),
('180305', 'PASCO', 'OXAPAMPA', 'VILLA RICA', 1),
('180306', 'PASCO', 'OXAPAMPA', 'POZUZO', 1),
('180307', 'PASCO', 'OXAPAMPA', 'PALCAZU', 1),
('180308', 'PASCO', 'OXAPAMPA', 'CONSTITUCION', 1),
('190101', 'PIURA', 'PIURA', 'PIURA', 1),
('190103', 'PIURA', 'PIURA', 'CASTILLA', 1),
('190104', 'PIURA', 'PIURA', 'CATACAOS', 1),
('190105', 'PIURA', 'PIURA', 'LA ARENA', 1),
('190106', 'PIURA', 'PIURA', 'LA UNION', 1),
('190107', 'PIURA', 'PIURA', 'LAS LOMAS', 1),
('190109', 'PIURA', 'PIURA', 'TAMBO GRANDE', 1),
('190113', 'PIURA', 'PIURA', 'CURA MORI', 1),
('190114', 'PIURA', 'PIURA', 'EL TALLAN', 1),
('190115', 'PIURA', 'PIURA', 'VEINTISEIS DE OCTUBRE', 1),
('190201', 'PIURA', 'AYABACA', 'AYABACA', 1),
('190202', 'PIURA', 'AYABACA', 'FRIAS', 1),
('190203', 'PIURA', 'AYABACA', 'LAGUNAS', 1),
('190204', 'PIURA', 'AYABACA', 'MONTERO', 1),
('190205', 'PIURA', 'AYABACA', 'PACAIPAMPA', 1),
('190206', 'PIURA', 'AYABACA', 'SAPILLICA', 1),
('190207', 'PIURA', 'AYABACA', 'SICCHEZ', 1),
('190208', 'PIURA', 'AYABACA', 'SUYO', 1),
('190209', 'PIURA', 'AYABACA', 'JILILI', 1),
('190210', 'PIURA', 'AYABACA', 'PAIMAS', 1),
('190301', 'PIURA', 'HUANCABAMBA', 'HUANCABAMBA', 1),
('190302', 'PIURA', 'HUANCABAMBA', 'CANCHAQUE', 1),
('190303', 'PIURA', 'HUANCABAMBA', 'HUARMACA', 1),
('190304', 'PIURA', 'HUANCABAMBA', 'SONDOR', 1),
('190305', 'PIURA', 'HUANCABAMBA', 'SONDORILLO', 1),
('190306', 'PIURA', 'HUANCABAMBA', 'EL CARMEN DE LA FRONTERA', 1),
('190307', 'PIURA', 'HUANCABAMBA', 'SAN MIGUEL DE EL FAIQUE', 1),
('190308', 'PIURA', 'HUANCABAMBA', 'LALAQUIZ', 1),
('190401', 'PIURA', 'MORROPON', 'CHULUCANAS', 1),
('190402', 'PIURA', 'MORROPON', 'BUENOS AIRES', 1),
('190403', 'PIURA', 'MORROPON', 'CHALACO', 1),
('190404', 'PIURA', 'MORROPON', 'MORROPON', 1),
('190405', 'PIURA', 'MORROPON', 'SALITRAL', 1),
('190406', 'PIURA', 'MORROPON', 'SANTA CATALINA DE MOSSA', 1),
('190407', 'PIURA', 'MORROPON', 'SANTO DOMINGO', 1),
('190408', 'PIURA', 'MORROPON', 'LA MATANZA', 1),
('190409', 'PIURA', 'MORROPON', 'YAMANGO', 1),
('190410', 'PIURA', 'MORROPON', 'SAN JUAN DE BIGOTE', 1),
('190501', 'PIURA', 'PAITA', 'PAITA', 1),
('190502', 'PIURA', 'PAITA', 'AMOTAPE', 1),
('190503', 'PIURA', 'PAITA', 'ARENAL', 1),
('190504', 'PIURA', 'PAITA', 'LA HUACA', 1),
('190505', 'PIURA', 'PAITA', 'COLAN', 1),
('190506', 'PIURA', 'PAITA', 'TAMARINDO', 1),
('190507', 'PIURA', 'PAITA', 'VICHAYAL', 1),
('190601', 'PIURA', 'SULLANA', 'SULLANA', 1),
('190602', 'PIURA', 'SULLANA', 'BELLAVISTA', 1),
('190603', 'PIURA', 'SULLANA', 'LANCONES', 1),
('190604', 'PIURA', 'SULLANA', 'MARCAVELICA', 1),
('190605', 'PIURA', 'SULLANA', 'MIGUEL CHECA', 1),
('190606', 'PIURA', 'SULLANA', 'QUERECOTILLO', 1),
('190607', 'PIURA', 'SULLANA', 'SALITRAL', 1),
('190608', 'PIURA', 'SULLANA', 'IGNACIO ESCUDERO', 1),
('190701', 'PIURA', 'TALARA', 'PARIÑAS', 1),
('190702', 'PIURA', 'TALARA', 'EL ALTO', 1),
('190703', 'PIURA', 'TALARA', 'LA BREA', 1),
('190704', 'PIURA', 'TALARA', 'LOBITOS', 1),
('190705', 'PIURA', 'TALARA', 'MANCORA', 1),
('190706', 'PIURA', 'TALARA', 'LOS ORGANOS', 1),
('190801', 'PIURA', 'SECHURA', 'SECHURA', 1),
('190802', 'PIURA', 'SECHURA', 'VICE', 1),
('190803', 'PIURA', 'SECHURA', 'BERNAL', 1),
('190804', 'PIURA', 'SECHURA', 'BELLAVISTA DE LA UNION', 1),
('190805', 'PIURA', 'SECHURA', 'CRISTO NOS VALGA', 1),
('190806', 'PIURA', 'SECHURA', 'RINCONADA LLICUAR', 1),
('200101', 'PUNO', 'PUNO', 'PUNO', 1),
('200102', 'PUNO', 'PUNO', 'ACORA', 1),
('200103', 'PUNO', 'PUNO', 'ATUNCOLLA', 1),
('200104', 'PUNO', 'PUNO', 'CAPACHICA', 1),
('200105', 'PUNO', 'PUNO', 'COATA', 1),
('200106', 'PUNO', 'PUNO', 'CHUCUITO', 1),
('200107', 'PUNO', 'PUNO', 'HUATA', 1),
('200108', 'PUNO', 'PUNO', 'MAÑAZO', 1),
('200109', 'PUNO', 'PUNO', 'PAUCARCOLLA', 1),
('200110', 'PUNO', 'PUNO', 'PICHACANI', 1),
('200111', 'PUNO', 'PUNO', 'SAN ANTONIO', 1),
('200112', 'PUNO', 'PUNO', 'TIQUILLACA', 1),
('200113', 'PUNO', 'PUNO', 'VILQUE', 1),
('200114', 'PUNO', 'PUNO', 'PLATERIA', 1),
('200115', 'PUNO', 'PUNO', 'AMANTANI', 1),
('200201', 'PUNO', 'AZANGARO', 'AZANGARO', 1),
('200202', 'PUNO', 'AZANGARO', 'ACHAYA', 1),
('200203', 'PUNO', 'AZANGARO', 'ARAPA', 1),
('200204', 'PUNO', 'AZANGARO', 'ASILLO', 1),
('200205', 'PUNO', 'AZANGARO', 'CAMINACA', 1),
('200206', 'PUNO', 'AZANGARO', 'CHUPA', 1),
('200207', 'PUNO', 'AZANGARO', 'JOSE DOMINGO CHOQUEHUANCA', 1),
('200208', 'PUNO', 'AZANGARO', 'MUÑANI', 1),
('200210', 'PUNO', 'AZANGARO', 'POTONI', 1),
('200212', 'PUNO', 'AZANGARO', 'SAMAN', 1),
('200213', 'PUNO', 'AZANGARO', 'SAN ANTON', 1),
('200214', 'PUNO', 'AZANGARO', 'SAN JOSE', 1),
('200215', 'PUNO', 'AZANGARO', 'SAN JUAN DE SALINAS', 1),
('200216', 'PUNO', 'AZANGARO', 'SANTIAGO DE PUPUJA', 1),
('200217', 'PUNO', 'AZANGARO', 'TIRAPATA', 1),
('200301', 'PUNO', 'CARABAYA', 'MACUSANI', 1),
('200302', 'PUNO', 'CARABAYA', 'AJOYANI', 1),
('200303', 'PUNO', 'CARABAYA', 'AYAPATA', 1),
('200304', 'PUNO', 'CARABAYA', 'COASA', 1),
('200305', 'PUNO', 'CARABAYA', 'CORANI', 1),
('200306', 'PUNO', 'CARABAYA', 'CRUCERO', 1),
('200307', 'PUNO', 'CARABAYA', 'ITUATA', 1),
('200308', 'PUNO', 'CARABAYA', 'OLLACHEA', 1),
('200309', 'PUNO', 'CARABAYA', 'SAN GABAN', 1),
('200310', 'PUNO', 'CARABAYA', 'USICAYOS', 1),
('200401', 'PUNO', 'CHUCUITO', 'JULI', 1),
('200402', 'PUNO', 'CHUCUITO', 'DESAGUADERO', 1),
('200403', 'PUNO', 'CHUCUITO', 'HUACULLANI', 1),
('200406', 'PUNO', 'CHUCUITO', 'PISACOMA', 1),
('200407', 'PUNO', 'CHUCUITO', 'POMATA', 1),
('200410', 'PUNO', 'CHUCUITO', 'ZEPITA', 1),
('200412', 'PUNO', 'CHUCUITO', 'KELLUYO', 1),
('200501', 'PUNO', 'HUANCANE', 'HUANCANE', 1),
('200502', 'PUNO', 'HUANCANE', 'COJATA', 1),
('200504', 'PUNO', 'HUANCANE', 'INCHUPALLA', 1),
('200506', 'PUNO', 'HUANCANE', 'PUSI', 1),
('200507', 'PUNO', 'HUANCANE', 'ROSASPATA', 1),
('200508', 'PUNO', 'HUANCANE', 'TARACO', 1),
('200509', 'PUNO', 'HUANCANE', 'VILQUE CHICO', 1),
('200511', 'PUNO', 'HUANCANE', 'HUATASANI', 1),
('200601', 'PUNO', 'LAMPA', 'LAMPA', 1),
('200602', 'PUNO', 'LAMPA', 'CABANILLA', 1),
('200603', 'PUNO', 'LAMPA', 'CALAPUJA', 1),
('200604', 'PUNO', 'LAMPA', 'NICASIO', 1),
('200605', 'PUNO', 'LAMPA', 'OCUVIRI', 1),
('200606', 'PUNO', 'LAMPA', 'PALCA', 1),
('200607', 'PUNO', 'LAMPA', 'PARATIA', 1),
('200608', 'PUNO', 'LAMPA', 'PUCARA', 1),
('200609', 'PUNO', 'LAMPA', 'SANTA LUCIA', 1),
('200610', 'PUNO', 'LAMPA', 'VILAVILA', 1),
('200701', 'PUNO', 'MELGAR', 'AYAVIRI', 1),
('200702', 'PUNO', 'MELGAR', 'ANTAUTA', 1),
('200703', 'PUNO', 'MELGAR', 'CUPI', 1),
('200704', 'PUNO', 'MELGAR', 'LLALLI', 1),
('200705', 'PUNO', 'MELGAR', 'MACARI', 1),
('200706', 'PUNO', 'MELGAR', 'NUÑOA', 1),
('200707', 'PUNO', 'MELGAR', 'ORURILLO', 1),
('200708', 'PUNO', 'MELGAR', 'SANTA ROSA', 1),
('200709', 'PUNO', 'MELGAR', 'UMACHIRI', 1),
('200801', 'PUNO', 'SANDIA', 'SANDIA', 1),
('200803', 'PUNO', 'SANDIA', 'CUYOCUYO', 1),
('200804', 'PUNO', 'SANDIA', 'LIMBANI', 1),
('200805', 'PUNO', 'SANDIA', 'PHARA', 1),
('200806', 'PUNO', 'SANDIA', 'PATAMBUCO', 1),
('200807', 'PUNO', 'SANDIA', 'QUIACA', 1),
('200808', 'PUNO', 'SANDIA', 'SAN JUAN DEL ORO', 1),
('200810', 'PUNO', 'SANDIA', 'YANAHUAYA', 1),
('200811', 'PUNO', 'SANDIA', 'ALTO INAMBARI', 1),
('200812', 'PUNO', 'SANDIA', 'SAN PEDRO DE PUTINA PUNCO', 1),
('200901', 'PUNO', 'SAN ROMAN', 'JULIACA', 1),
('200902', 'PUNO', 'SAN ROMAN', 'CABANA', 1),
('200903', 'PUNO', 'SAN ROMAN', 'CABANILLAS', 1),
('200904', 'PUNO', 'SAN ROMAN', 'CARACOTO', 1),
('200905', 'PUNO', 'SAN ROMAN', 'SAN MIGUEL', 1),
('201001', 'PUNO', 'YUNGUYO', 'YUNGUYO', 1),
('201002', 'PUNO', 'YUNGUYO', 'UNICACHI', 1),
('201003', 'PUNO', 'YUNGUYO', 'ANAPIA', 1),
('201004', 'PUNO', 'YUNGUYO', 'COPANI', 1),
('201005', 'PUNO', 'YUNGUYO', 'CUTURAPI', 1),
('201006', 'PUNO', 'YUNGUYO', 'OLLARAYA', 1),
('201007', 'PUNO', 'YUNGUYO', 'TINICACHI', 1),
('201101', 'PUNO', 'SAN ANTONIO DE PUTINA', 'PUTINA', 1),
('201102', 'PUNO', 'SAN ANTONIO DE PUTINA', 'PEDRO VILCA APAZA', 1),
('201103', 'PUNO', 'SAN ANTONIO DE PUTINA', 'QUILCAPUNCU', 1),
('201104', 'PUNO', 'SAN ANTONIO DE PUTINA', 'ANANEA', 1),
('201105', 'PUNO', 'SAN ANTONIO DE PUTINA', 'SINA', 1),
('201201', 'PUNO', 'EL COLLAO', 'ILAVE', 1),
('201202', 'PUNO', 'EL COLLAO', 'PILCUYO', 1),
('201203', 'PUNO', 'EL COLLAO', 'SANTA ROSA', 1),
('201204', 'PUNO', 'EL COLLAO', 'CAPAZO', 1),
('201205', 'PUNO', 'EL COLLAO', 'CONDURIRI', 1),
('201301', 'PUNO', 'MOHO', 'MOHO', 1),
('201302', 'PUNO', 'MOHO', 'CONIMA', 1),
('201303', 'PUNO', 'MOHO', 'TILALI', 1),
('201304', 'PUNO', 'MOHO', 'HUAYRAPATA', 1),
('210101', 'SAN MARTIN', 'MOYOBAMBA', 'MOYOBAMBA', 1),
('210102', 'SAN MARTIN', 'MOYOBAMBA', 'CALZADA', 1),
('210103', 'SAN MARTIN', 'MOYOBAMBA', 'HABANA', 1),
('210104', 'SAN MARTIN', 'MOYOBAMBA', 'JEPELACIO', 1),
('210105', 'SAN MARTIN', 'MOYOBAMBA', 'SORITOR', 1),
('210106', 'SAN MARTIN', 'MOYOBAMBA', 'YANTALO', 1),
('210201', 'SAN MARTIN', 'HUALLAGA', 'SAPOSOA', 1),
('210202', 'SAN MARTIN', 'HUALLAGA', 'PISCOYACU', 1),
('210203', 'SAN MARTIN', 'HUALLAGA', 'SACANCHE', 1),
('210204', 'SAN MARTIN', 'HUALLAGA', 'TINGO DE SAPOSOA', 1),
('210205', 'SAN MARTIN', 'HUALLAGA', 'ALTO SAPOSOA', 1),
('210206', 'SAN MARTIN', 'HUALLAGA', 'EL ESLABON', 1),
('210301', 'SAN MARTIN', 'LAMAS', 'LAMAS', 1),
('210303', 'SAN MARTIN', 'LAMAS', 'BARRANQUITA', 1),
('210304', 'SAN MARTIN', 'LAMAS', 'CAYNARACHI', 1),
('210305', 'SAN MARTIN', 'LAMAS', 'CUÑUMBUQUI', 1),
('210306', 'SAN MARTIN', 'LAMAS', 'PINTO RECODO', 1),
('210307', 'SAN MARTIN', 'LAMAS', 'RUMISAPA', 1),
('210311', 'SAN MARTIN', 'LAMAS', 'SHANAO', 1),
('210313', 'SAN MARTIN', 'LAMAS', 'TABALOSOS', 1),
('210314', 'SAN MARTIN', 'LAMAS', 'ZAPATERO', 1),
('210315', 'SAN MARTIN', 'LAMAS', 'ALONSO DE ALVARADO', 1),
('210316', 'SAN MARTIN', 'LAMAS', 'SAN ROQUE DE CUMBAZA', 1),
('210401', 'SAN MARTIN', 'MARISCAL CACERES', 'JUANJUI', 1),
('210402', 'SAN MARTIN', 'MARISCAL CACERES', 'CAMPANILLA', 1),
('210403', 'SAN MARTIN', 'MARISCAL CACERES', 'HUICUNGO', 1),
('210404', 'SAN MARTIN', 'MARISCAL CACERES', 'PACHIZA', 1),
('210405', 'SAN MARTIN', 'MARISCAL CACERES', 'PAJARILLO', 1),
('210501', 'SAN MARTIN', 'RIOJA', 'RIOJA', 1),
('210502', 'SAN MARTIN', 'RIOJA', 'POSIC', 1),
('210503', 'SAN MARTIN', 'RIOJA', 'YORONGOS', 1),
('210504', 'SAN MARTIN', 'RIOJA', 'YURACYACU', 1),
('210505', 'SAN MARTIN', 'RIOJA', 'NUEVA CAJAMARCA', 1),
('210506', 'SAN MARTIN', 'RIOJA', 'ELIAS SOPLIN VARGAS', 1),
('210507', 'SAN MARTIN', 'RIOJA', 'SAN FERNANDO', 1),
('210508', 'SAN MARTIN', 'RIOJA', 'PARDO MIGUEL', 1),
('210509', 'SAN MARTIN', 'RIOJA', 'AWAJUN', 1),
('210601', 'SAN MARTIN', 'SAN MARTIN', 'TARAPOTO', 1),
('210602', 'SAN MARTIN', 'SAN MARTIN', 'ALBERTO LEVEAU', 1),
('210604', 'SAN MARTIN', 'SAN MARTIN', 'CACATACHI', 1),
('210606', 'SAN MARTIN', 'SAN MARTIN', 'CHAZUTA', 1),
('210607', 'SAN MARTIN', 'SAN MARTIN', 'CHIPURANA', 1),
('210608', 'SAN MARTIN', 'SAN MARTIN', 'EL PORVENIR', 1),
('210609', 'SAN MARTIN', 'SAN MARTIN', 'HUIMBAYOC', 1),
('210610', 'SAN MARTIN', 'SAN MARTIN', 'JUAN GUERRA', 1),
('210611', 'SAN MARTIN', 'SAN MARTIN', 'MORALES', 1),
('210612', 'SAN MARTIN', 'SAN MARTIN', 'PAPAPLAYA', 1),
('210616', 'SAN MARTIN', 'SAN MARTIN', 'SAN ANTONIO', 1),
('210619', 'SAN MARTIN', 'SAN MARTIN', 'SAUCE', 1),
('210620', 'SAN MARTIN', 'SAN MARTIN', 'SHAPAJA', 1),
('210621', 'SAN MARTIN', 'SAN MARTIN', 'LA BANDA DE SHILCAYO', 1),
('210701', 'SAN MARTIN', 'BELLAVISTA', 'BELLAVISTA', 1),
('210702', 'SAN MARTIN', 'BELLAVISTA', 'SAN RAFAEL', 1),
('210703', 'SAN MARTIN', 'BELLAVISTA', 'SAN PABLO', 1),
('210704', 'SAN MARTIN', 'BELLAVISTA', 'ALTO BIAVO', 1),
('210705', 'SAN MARTIN', 'BELLAVISTA', 'HUALLAGA', 1),
('210706', 'SAN MARTIN', 'BELLAVISTA', 'BAJO BIAVO', 1),
('210801', 'SAN MARTIN', 'TOCACHE', 'TOCACHE', 1),
('210802', 'SAN MARTIN', 'TOCACHE', 'NUEVO PROGRESO', 1),
('210803', 'SAN MARTIN', 'TOCACHE', 'POLVORA', 1),
('210804', 'SAN MARTIN', 'TOCACHE', 'SHUNTE', 1),
('210805', 'SAN MARTIN', 'TOCACHE', 'UCHIZA', 1),
('210806', 'SAN MARTIN', 'TOCACHE', 'SANTA LUCIA', 1),
('210901', 'SAN MARTIN', 'PICOTA', 'PICOTA', 1),
('210902', 'SAN MARTIN', 'PICOTA', 'BUENOS AIRES', 1),
('210903', 'SAN MARTIN', 'PICOTA', 'CASPISAPA', 1),
('210904', 'SAN MARTIN', 'PICOTA', 'PILLUANA', 1),
('210905', 'SAN MARTIN', 'PICOTA', 'PUCACACA', 1),
('210906', 'SAN MARTIN', 'PICOTA', 'SAN CRISTOBAL', 1),
('210907', 'SAN MARTIN', 'PICOTA', 'SAN HILARION', 1),
('210908', 'SAN MARTIN', 'PICOTA', 'TINGO DE PONASA', 1),
('210909', 'SAN MARTIN', 'PICOTA', 'TRES UNIDOS', 1),
('210910', 'SAN MARTIN', 'PICOTA', 'SHAMBOYACU', 1),
('211001', 'SAN MARTIN', 'EL DORADO', 'SAN JOSE DE SISA', 1),
('211002', 'SAN MARTIN', 'EL DORADO', 'AGUA BLANCA', 1),
('211003', 'SAN MARTIN', 'EL DORADO', 'SHATOJA', 1),
('211004', 'SAN MARTIN', 'EL DORADO', 'SAN MARTIN', 1),
('211005', 'SAN MARTIN', 'EL DORADO', 'SANTA ROSA', 1),
('220101', 'TACNA', 'TACNA', 'TACNA', 1),
('220102', 'TACNA', 'TACNA', 'CALANA', 1),
('220104', 'TACNA', 'TACNA', 'INCLAN', 1),
('220107', 'TACNA', 'TACNA', 'PACHIA', 1),
('220108', 'TACNA', 'TACNA', 'PALCA', 1),
('220109', 'TACNA', 'TACNA', 'POCOLLAY', 1),
('220110', 'TACNA', 'TACNA', 'SAMA', 1),
('220111', 'TACNA', 'TACNA', 'ALTO DE LA ALIANZA', 1),
('220112', 'TACNA', 'TACNA', 'CIUDAD NUEVA', 1),
('220113', 'TACNA', 'TACNA', 'CORONEL GREGORIO ALBARRACIN LANCHIP', 1),
('220114', 'TACNA', 'TACNA', 'LA YARADA LOS PALOS', 1),
('220201', 'TACNA', 'TARATA', 'TARATA', 1),
('220205', 'TACNA', 'TARATA', 'CHUCATAMANI', 1),
('220206', 'TACNA', 'TARATA', 'ESTIQUE', 1),
('220207', 'TACNA', 'TARATA', 'ESTIQUE-PAMPA', 1),
('220210', 'TACNA', 'TARATA', 'SITAJARA', 1),
('220211', 'TACNA', 'TARATA', 'SUSAPAYA', 1),
('220212', 'TACNA', 'TARATA', 'TARUCACHI', 1),
('220213', 'TACNA', 'TARATA', 'TICACO', 1),
('220301', 'TACNA', 'JORGE BASADRE', 'LOCUMBA', 1),
('220302', 'TACNA', 'JORGE BASADRE', 'ITE', 1),
('220303', 'TACNA', 'JORGE BASADRE', 'ILABAYA', 1),
('220401', 'TACNA', 'CANDARAVE', 'CANDARAVE', 1),
('220402', 'TACNA', 'CANDARAVE', 'CAIRANI', 1),
('220403', 'TACNA', 'CANDARAVE', 'CURIBAYA', 1),
('220404', 'TACNA', 'CANDARAVE', 'HUANUARA', 1),
('220405', 'TACNA', 'CANDARAVE', 'QUILAHUANI', 1),
('220406', 'TACNA', 'CANDARAVE', 'CAMILACA', 1),
('230101', 'TUMBES', 'TUMBES', 'TUMBES', 1),
('230102', 'TUMBES', 'TUMBES', 'CORRALES', 1),
('230103', 'TUMBES', 'TUMBES', 'LA CRUZ', 1),
('230104', 'TUMBES', 'TUMBES', 'PAMPAS DE HOSPITAL', 1),
('230105', 'TUMBES', 'TUMBES', 'SAN JACINTO', 1),
('230106', 'TUMBES', 'TUMBES', 'SAN JUAN DE LA VIRGEN', 1),
('230201', 'TUMBES', 'CONTRALMIRANTE VILLAR', 'ZORRITOS', 1),
('230202', 'TUMBES', 'CONTRALMIRANTE VILLAR', 'CASITAS', 1),
('230203', 'TUMBES', 'CONTRALMIRANTE VILLAR', 'CANOAS DE PUNTA SAL', 1),
('230301', 'TUMBES', 'ZARUMILLA', 'ZARUMILLA', 1),
('230302', 'TUMBES', 'ZARUMILLA', 'MATAPALO', 1),
('230303', 'TUMBES', 'ZARUMILLA', 'PAPAYAL', 1),
('230304', 'TUMBES', 'ZARUMILLA', 'AGUAS VERDES', 1),
('240101', 'CALLAO', 'CALLAO', 'CALLAO', 1),
('240102', 'CALLAO', 'CALLAO', 'BELLAVISTA', 1),
('240103', 'CALLAO', 'CALLAO', 'LA PUNTA', 1),
('240104', 'CALLAO', 'CALLAO', 'CARMEN DE LA LEGUA REYNOSO', 1),
('240105', 'CALLAO', 'CALLAO', 'LA PERLA', 1),
('240106', 'CALLAO', 'CALLAO', 'VENTANILLA', 1),
('240107', 'CALLAO', 'CALLAO', 'MI PERU', 1),
('250101', 'UCAYALI', 'CORONEL PORTILLO', 'CALLERIA', 1),
('250102', 'UCAYALI', 'CORONEL PORTILLO', 'YARINACOCHA', 1),
('250103', 'UCAYALI', 'CORONEL PORTILLO', 'MASISEA', 1),
('250104', 'UCAYALI', 'CORONEL PORTILLO', 'CAMPOVERDE', 1),
('250105', 'UCAYALI', 'CORONEL PORTILLO', 'IPARIA', 1),
('250106', 'UCAYALI', 'CORONEL PORTILLO', 'NUEVA REQUENA', 1),
('250107', 'UCAYALI', 'CORONEL PORTILLO', 'MANANTAY', 1),
('250201', 'UCAYALI', 'PADRE ABAD', 'PADRE ABAD', 1),
('250202', 'UCAYALI', 'PADRE ABAD', 'IRAZOLA', 1),
('250203', 'UCAYALI', 'PADRE ABAD', 'CURIMANA', 1),
('250204', 'UCAYALI', 'PADRE ABAD', 'NESHUYA', 1),
('250205', 'UCAYALI', 'PADRE ABAD', 'ALEXANDER VON HUMBOLDT', 1),
('250206', 'UCAYALI', 'PADRE ABAD', 'BOQUERON', 1),
('250207', 'UCAYALI', 'PADRE ABAD', 'HUIPOCA', 1),
('250301', 'UCAYALI', 'ATALAYA', 'RAYMONDI', 1),
('250302', 'UCAYALI', 'ATALAYA', 'TAHUANIA', 1),
('250303', 'UCAYALI', 'ATALAYA', 'YURUA', 1),
('250304', 'UCAYALI', 'ATALAYA', 'SEPAHUA', 1),
('250401', 'UCAYALI', 'PURUS', 'PURUS', 1);

-- --------------------------------------------------------

--
-- Estructura de tabla para la tabla `unidad`
--

CREATE TABLE `unidad` (
  `id` int(10) NOT NULL,
  `placa` varchar(10) NOT NULL,
  `capacidad` decimal(9,2) NOT NULL,
  `volumen` decimal(9,2) NOT NULL,
  `observaciones` text DEFAULT NULL,
  `activo` tinyint(1) NOT NULL,
  `modeloid` int(11) NOT NULL
) ENGINE=InnoDB DEFAULT CHARSET=utf8mb4 COLLATE=utf8mb4_general_ci;

--
-- Volcado de datos para la tabla `unidad`
--

INSERT INTO `unidad` (`id`, `placa`, `capacidad`, `volumen`, `observaciones`, `activo`, `modeloid`) VALUES
(1, 'ABC123f', 15000.00, 60.00, 'Unidad en buen estado', 1, 1),
(2, 'DEF456', 4000.00, 20.00, 'Requiere revisión técnica', 0, 2),
(3, 'GHI789', 30000.00, 80.00, NULL, 1, 12),
(4, 'JKL321', 8000.00, 50.00, 'Unidad fuera de servicio', 0, 7),
(5, 'MNO654', 2500.00, 10.00, 'Unidad nueva', 1, 10),
(6, 'PQR987', 1500.00, 60.00, 'None', 1, 3),
(7, 'STU135', 4000.00, 20.00, 'Unidad asignada a ruta norte', 1, 9),
(8, 'VWX246', 8000.00, 50.00, 'Con aire acondicionado', 1, 4);

--
-- Índices para tablas volcadas
--

--
-- Indices de la tabla `color`
--
ALTER TABLE `color`
  ADD PRIMARY KEY (`id`);

--
-- Indices de la tabla `marca`
--
ALTER TABLE `marca`
  ADD PRIMARY KEY (`id`);

--
-- Indices de la tabla `modelo`
--
ALTER TABLE `modelo`
  ADD PRIMARY KEY (`id`),
  ADD KEY `FKmodelo121578` (`marcaid`),
  ADD KEY `FKmodelo83299` (`tipo_unidadid`);

--
-- Indices de la tabla `tipo_unidad`
--
ALTER TABLE `tipo_unidad`
  ADD PRIMARY KEY (`id`);

--
-- Indices de la tabla `ubigeo`
--
ALTER TABLE `ubigeo`
  ADD PRIMARY KEY (`codigo`);

--
-- Indices de la tabla `unidad`
--
ALTER TABLE `unidad`
  ADD PRIMARY KEY (`id`),
  ADD UNIQUE KEY `placa` (`placa`),
  ADD KEY `FKunidad608127` (`modeloid`);

--
-- AUTO_INCREMENT de las tablas volcadas
--

--
-- AUTO_INCREMENT de la tabla `color`
--
ALTER TABLE `color`
  MODIFY `id` int(11) NOT NULL AUTO_INCREMENT, AUTO_INCREMENT=3;

--
-- AUTO_INCREMENT de la tabla `marca`
--
ALTER TABLE `marca`
  MODIFY `id` int(11) NOT NULL AUTO_INCREMENT, AUTO_INCREMENT=14;

--
-- AUTO_INCREMENT de la tabla `modelo`
--
ALTER TABLE `modelo`
  MODIFY `id` int(11) NOT NULL AUTO_INCREMENT, AUTO_INCREMENT=15;

--
-- AUTO_INCREMENT de la tabla `tipo_unidad`
--
ALTER TABLE `tipo_unidad`
  MODIFY `id` int(10) NOT NULL AUTO_INCREMENT, AUTO_INCREMENT=9;

--
-- AUTO_INCREMENT de la tabla `unidad`
--
ALTER TABLE `unidad`
  MODIFY `id` int(10) NOT NULL AUTO_INCREMENT, AUTO_INCREMENT=9;

--
-- Restricciones para tablas volcadas
--

--
-- Filtros para la tabla `modelo`
--
ALTER TABLE `modelo`
  ADD CONSTRAINT `FKmodelo121578` FOREIGN KEY (`marcaid`) REFERENCES `marca` (`id`),
  ADD CONSTRAINT `FKmodelo83299` FOREIGN KEY (`tipo_unidadid`) REFERENCES `tipo_unidad` (`id`);

--
-- Filtros para la tabla `unidad`
--
ALTER TABLE `unidad`
  ADD CONSTRAINT `FKunidad608127` FOREIGN KEY (`modeloid`) REFERENCES `modelo` (`id`);
COMMIT;
